tank,doy,year,date,slurry_temp_meas,n_pos,n_t,day,slurry_mass,frozen_mass,slurry_depth,air_temp,wall_temp,floor_temp,in_temp,slurry_temp_mod,STM_sim,STM_scenario,week,month,slurry_temp_est,slurry_temp_missing,slurry_temp_interp
AD1,1,2023,2022-12-31,15.03625,4,14,366,3666.44,0,3.92,7.98,9.61,8.88,32,14.08,AD1a,a,52,1,15.3328376935411,FALSE,15.03625
AD1,2,2023,2023-01-01,15.0317857142857,4,14,367,3666.44,0,3.92,6.41,9.2,8.91,32,14.01,AD1a,a,1,1,15.2385453160434,FALSE,15.0317857142857
AD1,3,2023,2023-01-02,15.0533928571429,4,14,368,3666.44,0,3.92,3.9,7.16,8.23,32,13.92,AD1a,a,1,1,15.1182440581563,FALSE,15.0533928571429
AD1,4,2023,2023-01-03,14.9146428571429,4,14,369,3666.44,0,3.92,7.58,7.74,8.63,32,13.85,AD1a,a,1,1,14.964464181987,FALSE,14.9146428571429
AD1,5,2023,2023-01-04,14.6703571428571,4,14,370,3666.44,0,3.92,2.56,7.07,7.69,32,13.76,AD1a,a,1,1,14.8814938357938,FALSE,14.6703571428571
AD1,6,2023,2023-01-05,14.6833928571429,4,14,371,3666.44,0,3.92,5.91,6.23,7.27,32,13.67,AD1a,a,1,1,14.6982838606145,FALSE,14.6833928571429
AD1,7,2023,2023-01-06,14.5796428571429,4,14,372,3666.44,0,3.92,7.71,8.81,7.53,32,13.6,AD1a,a,1,1,14.5757119659783,FALSE,14.5796428571429
AD1,8,2023,2023-01-07,14.5728571428571,4,14,373,3666.44,0,3.92,6.85,9.28,8.12,32,13.53,AD1a,a,1,1,14.488265710326,FALSE,14.5728571428571
AD1,9,2023,2023-01-08,14.5125,4,14,374,3666.44,0,3.92,5.38,8.12,7.68,32,13.46,AD1a,a,2,1,14.4105386342277,FALSE,14.5125
AD1,10,2023,2023-01-09,14.4253571428571,4,14,375,3666.44,0,3.92,5.23,7.31,8.22,32,13.38,AD1a,a,2,1,14.3001592078419,FALSE,14.4253571428571
AD1,11,2023,2023-01-10,14.3382142857143,4,14,376,3666.44,0,3.92,6.99,8.11,8.43,32,13.31,AD1a,a,2,1,14.186898961879,FALSE,14.3382142857143
AD1,12,2023,2023-01-11,14.3882142857143,4,14,377,3666.44,0,3.92,5.41,8.2,7.97,32,13.24,AD1a,a,2,1,14.1169665600085,FALSE,14.3882142857143
AD1,13,2023,2023-01-12,14.3298214285714,4,14,378,3666.44,0,3.92,6.41,7.91,7.88,32,13.17,AD1a,a,2,1,14.0170926514844,FALSE,14.3298214285714
AD1,14,2023,2023-01-13,14.1469642857143,4,14,379,3666.44,0,3.92,5.55,7.98,7.92,32,13.1,AD1a,a,2,1,13.9421415083945,FALSE,14.1469642857143
AD1,15,2023,2023-01-14,14.1471428571429,4,14,380,3666.44,0,3.92,4.88,7.21,7.85,32,13.02,AD1a,a,2,1,13.8493348949565,FALSE,14.1471428571429
AD1,16,2023,2023-01-15,14.0510714285714,4,14,381,3666.44,0,3.92,2.9,5.89,7.03,32,12.93,AD1a,a,3,1,13.7577965726429,FALSE,14.0510714285714
AD1,17,2023,2023-01-16,14.01125,4,14,382,3666.44,0,3.92,1.44,4.17,6.24,32,12.83,AD1a,a,3,1,13.6454488891273,FALSE,14.01125
AD1,38,2023,2023-02-07,12.2487569060774,4,181,403,3781.97,0,4.05,2.46,4.15,4.17,32,11.27,AD1a,a,6,2,12.1794778162991,FALSE,12.2487569060774
AD1,39,2023,2023-02-07,12.1458928571429,4,14,404,3781.97,0,4.05,1.32,3.89,3.44,32,11.18,AD1a,a,6,2,12.116815441666,FALSE,12.1458928571429
AD1,40,2023,2023-02-08,12.1607142857143,4,14,405,3781.97,0,4.05,3.7,4.51,4.15,32,11.1,AD1a,a,6,2,12.0248953132045,FALSE,12.1607142857143
AD1,41,2023,2023-02-09,12.1783928571429,4,14,406,3781.97,0,4.05,4.99,6.34,4.86,32,11.03,AD1a,a,6,2,11.9602489440871,FALSE,12.1783928571429
AD1,42,2023,2023-02-10,11.89625,4,14,407,3781.97,0,4.05,7.56,8.27,6.01,32,10.99,AD1a,a,6,2,11.9184711082506,FALSE,11.89625
AD1,43,2023,2023-02-11,11.8566071428571,4,14,408,3781.97,0,4.05,6.93,9.24,6.9,32,10.95,AD1a,a,6,2,11.9160298657957,FALSE,11.8566071428571
AD1,44,2023,2023-02-12,11.8,4,14,409,3781.97,0,4.05,6.08,8.5,7.85,32,10.91,AD1a,a,7,2,11.9160510040512,FALSE,11.8
AD1,45,2023,2023-02-13,11.71875,4,14,410,3781.97,0,4.05,3.91,6.99,7.89,32,10.86,AD1a,a,7,2,11.9198441762738,FALSE,11.71875
AD1,46,2023,2023-02-14,11.6692857142857,4,14,411,3781.97,0,4.05,2.97,5.44,7.49,32,10.8,AD1a,a,7,2,11.8962509398272,FALSE,11.6692857142857
AD1,47,2023,2023-02-15,11.7421428571429,4,14,412,3781.97,0,4.05,5.32,6.14,7.04,32,10.74,AD1a,a,7,2,11.8321754453297,FALSE,11.7421428571429
AD1,48,2023,2023-02-16,11.6842857142857,4,14,413,3781.97,0,4.05,7.17,8.24,7.09,32,10.7,AD1a,a,7,2,11.7982383500146,FALSE,11.6842857142857
AD1,49,2023,2023-02-17,11.6892857142857,4,14,414,3781.97,0,4.05,4.24,7.71,6.72,32,10.65,AD1a,a,7,2,11.8113050732369,FALSE,11.6892857142857
AD1,50,2023,2023-02-18,11.7596428571429,4,14,415,3781.97,0,4.05,3.24,5.74,6.59,32,10.6,AD1a,a,7,2,11.8003788252155,FALSE,11.7596428571429
AD1,51,2023,2023-02-19,11.5648214285714,4,14,416,3781.97,0,4.05,7.03,7.13,7.4,32,10.55,AD1a,a,8,2,11.7300645124988,FALSE,11.5648214285714
AD1,52,2023,2023-02-20,11.54,4,14,417,3781.97,0,4.05,5.72,8.37,7.48,32,10.52,AD1a,a,8,2,11.7454580281783,FALSE,11.54
AD1,53,2023,2023-02-21,11.4419642857143,4,14,418,3781.97,0,4.05,4.51,7.11,6.95,32,10.47,AD1a,a,8,2,11.73639452921,FALSE,11.4419642857143
AD1,54,2023,2023-02-22,11.5482142857143,4,14,419,3781.97,0,4.05,4.73,6.62,7.04,32,10.42,AD1a,a,8,2,11.7094384824223,FALSE,11.5482142857143
AD1,55,2023,2023-02-23,11.5405357142857,4,14,420,3781.97,0,4.05,4.17,6.45,7.23,32,10.37,AD1a,a,8,2,11.6919019967053,FALSE,11.5405357142857
AD1,56,2023,2023-02-24,11.495,4,14,421,3781.97,0,4.05,1.07,4.62,6.04,32,10.31,AD1a,a,8,2,11.6945868233973,FALSE,11.495
AD1,57,2023,2023-02-25,11.3932142857143,4,14,422,3781.97,0,4.05,0.41,2.74,4.98,32,10.24,AD1a,a,8,2,11.6562034659336,FALSE,11.3932142857143
AD1,58,2023,2023-02-26,11.35125,4,14,423,3781.97,0,4.05,2.04,3.22,4.48,32,10.17,AD1a,a,9,2,11.5896291095306,FALSE,11.35125
AD1,59,2023,2023-02-27,11.4094642857143,4,14,424,3781.97,0,4.05,1.76,3.9,3.89,32,10.11,AD1a,a,9,2,11.5574038496792,FALSE,11.4094642857143
AD1,60,2023,2023-02-28,11.3748214285714,4,14,425,3781.97,0,4.05,1.42,3.59,3.34,32,10.04,AD1a,a,9,3,11.5152583668518,FALSE,11.3748214285714
AD1,61,2023,2023-03-01,11.2839285714286,4,14,426,3781.97,0,4.05,1.64,3.53,3.45,32,9.97,AD1a,a,9,3,11.4662232646487,FALSE,11.2839285714286
AD1,62,2023,2023-03-02,11.2173214285714,4,14,427,3781.97,0,4.05,3.94,4.79,4.16,32,9.91,AD1a,a,9,3,11.4017953195347,FALSE,11.2173214285714
AD1,63,2023,2023-03-03,11.1676785714286,4,14,428,3781.97,0,4.05,3.28,5.61,4.41,32,9.86,AD1a,a,9,3,11.3839915695016,FALSE,11.1676785714286
AD1,64,2023,2023-03-04,10.99,4,14,429,3781.97,0,4.05,-0.71,3.29,3.92,32,9.8,AD1a,a,9,3,11.396805001064,FALSE,10.99
AD1,65,2023,2023-03-05,11.03,4,14,430,3781.97,0,4.05,-1.26,1.02,3.38,32,9.71,AD1a,a,10,3,11.3366650493365,FALSE,11.03
AD1,66,2023,2023-03-06,11.6092857142857,3,14,431,3781.97,0,4.05,-0.64,1.05,2.92,32,9.63,AD1a,a,10,3,11.2722600297135,FALSE,11.6092857142857
AD1,67,2023,2023-03-07,11.1030952380952,3,14,432,3781.97,0,4.05,-2.46,0.45,1.64,32,9.53,AD1a,a,10,3,11.2183231252733,FALSE,11.1030952380952
AD1,68,2023,2023-03-08,11.2552380952381,3,14,433,3781.97,0,4.05,-1.71,-0.09,0.64,32,9.44,AD1a,a,10,3,11.1427226234186,FALSE,11.2552380952381
AD1,69,2023,2023-03-09,11.2721428571429,3,14,434,3781.97,0,4.05,-1.01,0.64,0.58,32,9.34,AD1a,a,10,3,11.0581627267427,FALSE,11.2721428571429
AD1,70,2023,2023-03-10,11.1764285714286,3,14,435,3781.97,0,4.05,-0.48,1.25,0.74,32,9.26,AD1a,a,10,3,10.9951913580049,FALSE,11.1764285714286
AD1,71,2023,2023-03-11,11.0714285714286,3,14,436,3781.97,0,4.05,0.04,1.78,0.88,32,9.17,AD1a,a,10,3,10.9226856110131,FALSE,11.0714285714286
AD1,72,2023,2023-03-12,11.0502380952381,3,14,437,3781.97,0,4.05,7.69,5.87,2.91,32,9.12,AD1a,a,11,3,10.7998493315591,FALSE,11.0502380952381
AD1,73,2023,2023-03-13,11.1361904761905,3,14,438,3426.74,0,3.67,3.87,7.78,4.02,32,9.09,AD1a,a,11,3,10.8370070127433,FALSE,11.1361904761905
AD1,74,2023,2023-03-14,11.1033333333333,3,14,439,3426.74,0,3.67,1.91,4.89,4.61,32,9.04,AD1a,a,11,3,10.8315821451478,FALSE,11.1033333333333
AD1,75,2023,2023-03-15,11.1146428571429,4,14,440,3426.74,0,3.67,2.87,4.39,5.28,32,8.99,AD1a,a,11,3,10.7893742037422,FALSE,11.1146428571429
AD1,76,2023,2023-03-16,11.0608928571429,4,14,441,3426.74,0,3.67,6.39,6.63,6.55,32,8.95,AD1a,a,11,3,10.7239913601313,FALSE,11.0608928571429
AD1,77,2023,2023-03-17,11.02875,4,14,442,3426.74,0,3.67,8.12,9.26,6.63,32,8.94,AD1a,a,11,3,10.7072201151216,FALSE,11.02875
AD1,78,2023,2023-03-18,11.0330357142857,4,14,443,3426.74,0,3.67,7.66,9.89,7.39,32,8.93,AD1a,a,11,3,10.7162929534789,FALSE,11.0330357142857
AD1,79,2023,2023-03-19,11.0441071428571,4,14,444,3426.74,0,3.67,5.85,8.75,8.18,32,8.92,AD1a,a,12,3,10.7408284724712,FALSE,11.0441071428571
AD1,80,2023,2023-03-20,11.0642857142857,4,14,445,3071.51,0,3.29,5.78,7.81,8.76,32,8.9,AD1a,a,12,3,10.7337084310046,FALSE,11.0642857142857
AD1,81,2023,2023-03-21,11.0532142857143,4,14,446,3107.44,0,3.32,7.55,8.66,8.99,32,9.02,AD1a,a,12,3,10.8266035173992,FALSE,11.0532142857143
AD1,82,2023,2023-03-22,11.03875,4,14,447,3217.65,0,3.44,7.96,9.75,8.96,32,9.56,AD1a,a,12,3,11.3026915811183,FALSE,11.03875
AD1,83,2023,2023-03-23,11.4989285714286,4,14,448,3217.65,0,3.44,7.85,9.9,9,32,9.93,AD1a,a,12,3,11.6292875370059,FALSE,11.4989285714286
AD1,84,2023,2023-03-24,11.4810714285714,4,14,449,3217.65,0,3.44,7.12,9.48,9.25,32,9.92,AD1a,a,12,3,11.6285744686025,FALSE,11.4810714285714
AD1,85,2023,2023-03-25,11.4728571428571,4,14,450,3217.65,0,3.44,3.26,7.19,8.75,32,9.89,AD1a,a,12,3,11.6483274137511,FALSE,11.4728571428571
AD1,86,2023,2023-03-26,11.4804166666667,4,30,451,3217.65,0,3.44,0.22,3.74,7.28,32,9.84,AD1a,a,13,3,11.6400118979094,FALSE,11.4804166666667
AD1,87,2023,2023-03-27,11.4828333333333,4,30,452,2862.42,0,3.06,0.96,2.59,5.88,32,9.77,AD1a,a,13,3,11.5673172012557,FALSE,11.4828333333333
AD1,88,2023,2023-03-28,11.8150833333333,4,30,453,2971.16,0,3.18,4.67,4.82,5.25,32,10.13,AD1a,a,13,3,11.8217176445815,FALSE,11.8150833333333
AD1,89,2023,2023-03-29,12.7765,4,30,454,3117.73,0,3.34,7.19,7.93,5.26,32,10.99,AD1a,a,13,3,12.5075453875246,FALSE,12.7765
AD1,90,2023,2023-03-30,12.7888333333333,4,30,455,3117.73,0,3.34,6.35,8.77,5.88,32,11.42,AD1a,a,13,3,12.8658530527987,FALSE,12.7888333333333
AD1,91,2023,2023-03-31,12.7844166666667,4,30,456,3117.73,0,3.34,2.98,6.67,6.43,32,11.36,AD1a,a,13,4,12.8424376991563,FALSE,12.7844166666667
AD1,92,2023,2023-04-01,12.7768333333333,4,30,457,3117.73,0,3.34,2.7,4.84,6.78,32,11.3,AD1a,a,13,4,12.7805287992406,FALSE,12.7768333333333
AD1,93,2023,2023-04-02,12.771,4,30,458,3117.73,0,3.34,2.09,4.4,6.26,32,11.25,AD1a,a,14,4,12.7306578905195,FALSE,12.771
AD1,94,2023,2023-04-03,12.76,4,30,459,2762.5,0,2.96,2.42,4.25,5.31,32,11.18,AD1a,a,14,4,12.6523410021898,FALSE,12.76
AD1,207,2022,2022-07-26,23.2325190839695,1,131,207,954.22,0,1.02,13.9,18.15,17.11,32,24.08,AD1a,a,30,7,22.1330358460191,FALSE,23.2325190839695
AD1,208,2022,2022-07-26,23.094,1,30,208,990.29,0,1.06,13.18,15.54,16.9,32,24.29,AD1a,a,30,7,22.4055982943319,FALSE,23.094
AD1,209,2022,2022-07-27,22.936,1,30,209,990.29,0,1.06,13.66,15.42,16.97,32,24.21,AD1a,a,30,7,22.3456869788415,FALSE,22.936
AD1,210,2022,2022-07-28,22.44,1,30,210,990.29,0,1.06,14.83,16.24,16.79,32,24.04,AD1a,a,30,7,22.1767957068997,FALSE,22.44
AD1,211,2022,2022-07-29,22.184,1,30,211,990.29,0,1.06,16.43,17.63,16.4,32,23.9,AD1a,a,30,7,22.0345657903839,FALSE,22.184
AD1,212,2022,2022-07-30,21.9723333333333,1,30,212,990.29,0,1.06,16.53,18.48,16.93,32,23.72,AD1a,a,30,7,21.8648227672714,FALSE,21.9723333333333
AD1,213,2022,2022-07-31,21.751,1,30,213,990.29,0,1.06,14.7,17.62,17.23,32,23.58,AD1a,a,31,8,21.7624209347213,FALSE,21.751
AD1,214,2022,2022-08-01,21.553,1,30,214,1218.55,0,1.3,13.86,16.28,17.27,32,24.29,AD1a,a,31,8,22.6100882159519,FALSE,21.553
AD1,215,2022,2022-08-02,23.8006666666667,1,30,215,1325.91,0,1.42,19.34,18.6,18.17,32,25.15,AD1a,a,31,8,23.5589555479326,FALSE,23.8006666666667
AD1,216,2022,2022-08-03,24.2953333333333,1,30,216,1363.74,0,1.46,19.1,21.22,18.71,32,25.41,AD1a,a,31,8,23.9017871411237,FALSE,24.2953333333333
AD1,217,2022,2022-08-04,23.748,1,30,217,1363.74,0,1.46,14.32,18.71,18.26,32,25.37,AD1a,a,31,8,23.9589162818459,FALSE,23.748
AD1,218,2022,2022-08-05,23.829,1,30,218,1363.74,0,1.46,13.17,15.75,17.96,32,25.19,AD1a,a,31,8,23.8091775154017,FALSE,23.829
AD1,219,2022,2022-08-06,23.5016666666667,1,30,219,1363.74,0,1.46,13.51,15.34,17.89,32,24.98,AD1a,a,31,8,23.6044643019176,FALSE,23.5016666666667
AD1,220,2022,2022-08-07,23.2943333333333,1,30,220,1363.74,0,1.46,15.97,16.74,17.21,32,24.81,AD1a,a,32,8,23.4182042018261,FALSE,23.2943333333333
AD1,221,2022,2022-08-08,23.0866666666667,1,30,221,1400.3,0,1.5,16.21,18.09,16.64,32,24.78,AD1a,a,32,8,23.422075356077,FALSE,23.0866666666667
AD1,222,2022,2022-08-09,22.9446666666667,1,30,222,1400.3,0,1.5,16.7,18.45,17.11,32,24.76,AD1a,a,32,8,23.4346374035732,FALSE,22.9446666666667
AD1,223,2022,2022-08-10,22.846,1,30,223,1400.3,0,1.5,18.75,19.72,18.23,32,24.7,AD1a,a,32,8,23.3806244905066,FALSE,22.846
AD1,224,2022,2022-08-11,22.71,1,30,224,1400.3,0,1.5,20.2,21.48,19.57,32,24.67,AD1a,a,32,8,23.3693790360464,FALSE,22.71
AD1,225,2022,2022-08-12,22.4583333333333,1,30,225,1400.3,0,1.5,21.09,22.65,20.59,32,24.68,AD1a,a,32,8,23.4128605044527,FALSE,22.4583333333333
AD1,226,2022,2022-08-13,22.408,1,30,226,1400.3,0,1.5,21.66,23.38,21.68,32,24.69,AD1a,a,32,8,23.4607117032701,FALSE,22.408
AD1,227,2022,2022-08-14,22.4686666666667,1,30,227,1400.3,0,1.5,21.95,23.81,22.73,32,24.71,AD1a,a,33,8,23.5244970184203,FALSE,22.4686666666667
AD1,228,2022,2022-08-15,22.1873333333333,1,30,228,1626.24,0,1.74,21.21,23.58,23.22,32,25.27,AD1a,a,33,8,24.2561825741499,FALSE,22.1873333333333
AD1,229,2022,2022-08-16,24.612,1,30,229,1626.24,0,1.74,19.2,22.21,23.02,32,25.69,AD1a,a,33,8,24.8395176295662,FALSE,24.612
AD1,230,2022,2022-08-17,24.278,1,30,230,1626.24,0,1.74,16.57,19.89,22.12,32,25.59,AD1a,a,33,8,24.7992556225283,FALSE,24.278
AD1,231,2022,2022-08-18,24.4713333333333,1,30,231,1626.24,0,1.74,17.57,19.07,21.3,32,25.48,AD1a,a,33,8,24.700952353825,FALSE,24.4713333333333
AD1,232,2022,2022-08-19,24.5953333333333,1,30,232,1626.24,0,1.74,17.15,19.36,20.34,32,25.39,AD1a,a,33,8,24.6439277829152,FALSE,24.5953333333333
AD1,233,2022,2022-08-20,24.296,1,30,233,1626.24,0,1.74,15.03,18.09,19.11,32,25.27,AD1a,a,33,8,24.5699891529205,FALSE,24.296
AD1,234,2022,2022-08-21,24.386,1,30,234,1626.24,0,1.74,14.55,16.79,18.17,32,25.13,AD1a,a,34,8,24.4497919551588,FALSE,24.386
AD1,235,2022,2022-08-22,24.6896666666667,2,30,235,1846.46,0,1.98,19.36,18.95,18.73,32,25.47,AD1a,a,34,8,24.8630228790919,FALSE,24.6896666666667
AD1,236,2022,2022-08-23,26.0485,2,30,236,1960.18,0,2.1,20.73,22.04,19.36,32,25.99,AD1a,a,34,8,25.5486198507288,FALSE,26.0485
AD1,237,2022,2022-08-24,26.4973333333333,2,30,237,1998.07,0,2.14,19.98,22.35,19.93,32,26.18,AD1a,a,34,8,25.8500140250006,FALSE,26.4973333333333
AD1,238,2022,2022-08-25,26.7948333333333,2,30,238,1998.07,0,2.14,19.76,21.87,20.87,32,26.17,AD1a,a,34,8,25.8937753747354,FALSE,26.7948333333333
AD1,239,2022,2022-08-26,26.6343333333333,2,30,239,1998.07,0,2.14,16.89,20.32,21.34,32,26.08,AD1a,a,34,8,25.8686405177062,FALSE,26.6343333333333
AD1,240,2022,2022-08-27,26.4151666666667,2,30,240,1998.07,0,2.14,15.92,18.4,20.65,32,25.96,AD1a,a,34,8,25.7809101367971,FALSE,26.4151666666667
AD1,241,2022,2022-08-28,26.2055,2,30,241,1998.07,0,2.14,15.69,17.81,19.65,32,25.85,AD1a,a,35,8,25.6957343544845,FALSE,26.2055
AD1,242,2022,2022-08-29,25.9513333333333,2,30,242,1998.07,0,2.14,14.5,17.1,18.55,32,25.74,AD1a,a,35,8,25.6214288422743,FALSE,25.9513333333333
AD1,243,2022,2022-08-30,25.802,2,30,243,2107.21,0,2.25,13.51,16.01,17.3,32,25.78,AD1a,a,35,8,25.7374102813057,FALSE,25.802
AD1,244,2022,2022-08-31,26.1046666666667,2,30,244,2182.05,0,2.33,13.81,15.66,16.69,32,25.91,AD1a,a,35,9,25.9546476375341,FALSE,26.1046666666667
AD1,245,2022,2022-09-01,26.3538333333333,2,30,245,2182.05,0,2.33,13.79,15.8,16.26,32,25.87,AD1a,a,35,9,25.9559375146336,FALSE,26.3538333333333
AD1,246,2022,2022-09-02,26.236,2,30,246,2182.05,0,2.33,15.58,16.68,16.24,32,25.74,AD1a,a,35,9,25.8169322730483,FALSE,26.236
AD1,247,2022,2022-09-03,26.0415,2,30,247,2182.05,0,2.33,16.2,17.89,16.58,32,25.62,AD1a,a,35,9,25.7043175803307,FALSE,26.0415
AD1,248,2022,2022-09-04,25.7886666666667,2,30,248,2182.05,0,2.33,16.96,18.58,17.27,32,25.51,AD1a,a,36,9,25.6020446803533,FALSE,25.7886666666667
AD1,249,2022,2022-09-05,25.6195,2,30,249,2635.54,0,2.82,16.65,18.81,17.84,32,26.04,AD1a,a,36,9,26.3574815984402,FALSE,25.6195
AD1,250,2022,2022-09-06,27.4946666666667,2,30,250,2337.05,0,2.5,15.49,18.07,18.18,32,26.43,AD1a,a,36,9,26.9428792606898,FALSE,27.4946666666667
AD1,251,2022,2022-09-07,27.392,2,30,251,2337.05,0,2.5,15.01,17.25,18.06,32,26.28,AD1a,a,36,9,26.8051026088399,FALSE,27.392
AD1,252,2022,2022-09-09,26.9626363636364,2,110,252,2337.05,0,2.5,14.99,17,17.82,32,26.14,AD1a,a,36,9,26.6735946069475,FALSE,26.9626363636364
AD1,253,2022,2022-09-09,26.9276666666667,2,30,253,2337.05,0,2.5,14.86,16.92,17.4,32,26,AD1a,a,36,9,26.5421602165976,FALSE,26.9276666666667
AD1,254,2022,2022-09-10,26.6813333333333,2,30,254,2337.05,0,2.5,13.84,16.35,16.84,32,25.86,AD1a,a,36,9,26.4204599212871,FALSE,26.6813333333333
AD1,255,2022,2022-09-11,26.544,2,30,255,2337.05,0,2.5,13.87,15.86,16.51,32,25.71,AD1a,a,37,9,26.2710289727845,FALSE,26.544
AD1,256,2022,2022-09-12,26.2501666666667,2,30,256,2337.05,0,2.5,14.18,16.02,16.35,32,25.56,AD1a,a,37,9,26.1168030701475,FALSE,26.2501666666667
AD1,257,2022,2022-09-13,26.0195,2,30,257,2337.05,0,2.5,13.61,15.89,16.07,32,25.42,AD1a,a,37,9,25.9857184181841,FALSE,26.0195
AD1,258,2022,2022-09-14,25.9095,2,30,258,2337.05,0,2.5,11.88,14.74,15.48,32,25.26,AD1a,a,37,9,25.8405412812638,FALSE,25.9095
AD1,259,2022,2022-09-15,25.746,2,30,259,2337.05,0,2.5,12.51,14.19,15.21,32,25.11,AD1a,a,37,9,25.6784703597641,FALSE,25.746
AD1,278,2022,2022-10-05,24.3797985347985,3,182,278,2942.44,0,3.15,14.36,15.5,14.17,32,23.56,AD1a,a,40,10,24.3737945468248,FALSE,24.3797985347985
AD1,279,2022,2022-10-05,24.3923333333333,3,30,279,2980.78,0,3.19,12.75,15.55,14.6,32,23.65,AD1a,a,40,10,24.5667173092753,FALSE,24.3923333333333
AD1,280,2022,2022-10-06,24.3792222222222,3,30,280,2980.78,0,3.19,13.78,15.27,15.07,32,23.59,AD1a,a,40,10,24.5119433370072,FALSE,24.3792222222222
AD1,281,2022,2022-10-07,24.1614444444445,3,30,281,2980.78,0,3.19,9.67,13.72,14.64,32,23.46,AD1a,a,40,10,24.4196721446777,FALSE,24.1614444444445
AD1,282,2022,2022-10-08,24.0994444444444,3,30,282,2980.78,0,3.19,9.09,11.38,13.93,32,23.32,AD1a,a,40,10,24.2686599409441,FALSE,24.0994444444444
AD1,283,2022,2022-10-09,23.9231111111111,3,30,283,2980.78,0,3.19,9.31,11.2,12.92,32,23.17,AD1a,a,41,10,24.0926351500438,FALSE,23.9231111111111
AD1,284,2022,2022-10-10,23.7162222222222,3,30,284,2980.78,0,3.19,8.87,11.09,12.14,32,23.01,AD1a,a,41,10,23.909625344673,FALSE,23.7162222222222
AD1,285,2022,2022-10-11,23.6687777777778,3,30,285,3095.36,0,3.31,9.35,11.11,11.26,32,23.03,AD1a,a,41,10,23.9751064180992,FALSE,23.6687777777778
AD1,286,2022,2022-10-12,23.9806666666667,3,30,286,3095.35,0,3.31,9.9,11.62,11.3,32,23.04,AD1a,a,41,10,24.0252738311107,FALSE,23.9806666666667
AD1,287,2022,2022-10-13,23.7416666666667,3,30,287,3095.35,0,3.31,10.73,12.31,11.63,32,22.9,AD1a,a,41,10,23.8542709361215,FALSE,23.7416666666667
AD1,288,2022,2022-10-14,23.6083333333333,3,30,288,3095.35,0,3.31,12.32,13.52,12.23,32,22.77,AD1a,a,41,10,23.6878666737879,FALSE,23.6083333333333
AD1,289,2022,2022-10-15,23.442,3,30,289,3095.35,0,3.31,11.25,13.78,12.71,32,22.65,AD1a,a,41,10,23.5684469218779,FALSE,23.442
AD1,290,2022,2022-10-16,23.3517777777778,3,30,290,3095.35,0,3.31,11.04,13.15,13.05,32,22.52,AD1a,a,42,10,23.4234320478887,FALSE,23.3517777777778
AD1,291,2022,2022-10-17,23.2336666666667,3,30,291,3095.35,0,3.31,11.03,13.04,13.27,32,22.39,AD1a,a,42,10,23.2755523876777,FALSE,23.2336666666667
AD1,292,2022,2022-10-18,23.0651111111111,3,30,292,3210.18,0,3.43,6.75,10.89,12.48,32,22.43,AD1a,a,42,10,23.428161210562,FALSE,23.0651111111111
AD1,293,2022,2022-10-19,23.5374444444444,3,30,293,3248.63,0,3.48,6.82,8.79,11.38,32,22.5,AD1a,a,42,10,23.5708670548428,FALSE,23.5374444444444
AD1,294,2022,2022-10-20,23.4373333333333,3,30,294,3248.62,0,3.48,10.3,10.56,11.19,32,22.4,AD1a,a,42,10,23.4231161520693,FALSE,23.4373333333333
AD1,295,2022,2022-10-21,23.1574444444444,3,30,295,3248.62,0,3.48,12.56,13.43,11.49,32,22.28,AD1a,a,42,10,23.2609867102204,FALSE,23.1574444444444
AD1,296,2022,2022-10-22,23.0055555555556,3,30,296,3248.62,0,3.48,10.81,13.68,11.45,32,22.16,AD1a,a,42,10,23.1482256891237,FALSE,23.0055555555556
AD1,297,2022,2022-10-23,22.9652222222222,3,30,297,3248.62,0,3.48,13.21,14.01,12.74,32,22.04,AD1a,a,43,10,22.9839461718202,FALSE,22.9652222222222
AD1,298,2022,2022-10-24,22.8741111111111,3,30,298,3248.62,0,3.48,12.09,14.65,13.79,32,21.94,AD1a,a,43,10,22.8923386336522,FALSE,22.8741111111111
AD1,299,2022,2022-10-25,22.7718888888889,3,30,299,3360.71,0,3.6,11.42,13.76,14.02,32,22.01,AD1a,a,43,10,23.0441226696189,FALSE,22.7718888888889
AD1,300,2022,2022-10-26,23.0272222222222,3,30,300,3398.9,0,3.64,13.8,14.61,14.27,32,22.13,AD1a,a,43,10,23.2315224963475,FALSE,23.0272222222222
AD1,301,2022,2022-10-27,22.9448888888889,3,30,301,3398.91,0,3.64,14.82,16.31,15.07,32,22.1,AD1a,a,43,10,23.2159568051763,FALSE,22.9448888888889
AD1,302,2022,2022-10-28,22.9135555555556,3,30,302,3398.91,0,3.64,12.22,15.52,14.87,32,22.02,AD1a,a,43,10,23.1718451452064,FALSE,22.9135555555556
AD1,303,2022,2022-10-29,22.7456666666667,3,30,303,3398.91,0,3.64,13.58,14.9,15.17,32,21.92,AD1a,a,43,10,23.0494159353635,FALSE,22.7456666666667
AD1,304,2022,2022-10-30,22.7488095238095,3,14,304,3398.91,0,3.64,12.23,14.9,15.33,32,21.83,AD1a,a,44,10,22.9751678930715,FALSE,22.7488095238095
AD1,305,2022,2022-10-31,22.722380952381,3,14,305,3398.91,0,3.64,12.72,14.47,15.11,32,21.74,AD1a,a,44,11,22.8781977303782,FALSE,22.722380952381
AD1,306,2022,2022-11-01,22.6485714285714,3,14,306,3365.35,0,3.6,9.82,13.27,14.11,32,21.63,AD1a,a,44,11,22.7939177539946,FALSE,22.6485714285714
AD1,307,2022,2022-11-02,23.0530952380952,3,14,307,3437.98,0,3.68,10.07,11.94,13.68,32,21.63,AD1a,a,44,11,22.8319055155549,FALSE,23.0530952380952
AD1,308,2022,2022-11-03,23.2166666666667,3,14,308,3437.98,0,3.68,9.35,11.71,12.84,32,21.61,AD1a,a,44,11,22.8526275117865,FALSE,23.2166666666667
AD1,309,2022,2022-11-04,22.9109523809524,3,14,309,3437.98,0,3.68,8.71,11.03,12.13,32,21.48,AD1a,a,44,11,22.7114433658004,FALSE,22.9109523809524
AD1,310,2022,2022-11-05,22.8047619047619,3,14,310,3437.98,0,3.68,10.26,11.48,11.64,32,21.36,AD1a,a,44,11,22.5580399603766,FALSE,22.8047619047619
AD1,311,2022,2022-11-06,22.6942857142857,3,14,311,3437.98,0,3.68,10.28,12.27,11.73,32,21.24,AD1a,a,45,11,22.4238307997443,FALSE,22.6942857142857
AD1,312,2022,2022-11-07,22.5983333333333,3,14,312,3437.98,0,3.68,12.28,13.28,12.17,32,21.14,AD1a,a,45,11,22.294653361596,FALSE,22.5983333333333
AD1,313,2022,2022-11-08,22.4664285714286,3,14,313,3474.73,0,3.72,11.18,13.73,12.54,32,21.1,AD1a,a,45,11,22.2916620075269,FALSE,22.4664285714286
AD1,314,2022,2022-11-09,22.4133333333333,3,14,314,3474.73,0,3.72,10.75,12.97,12.95,32,21.05,AD1a,a,45,11,22.2659854855287,FALSE,22.4133333333333
AD1,315,2022,2022-11-10,22.3242857142857,3,14,315,3474.73,0,3.72,13.56,14.16,13.61,32,20.95,AD1a,a,45,11,22.1276626439435,FALSE,22.3242857142857
AD1,316,2022,2022-11-11,22.1859523809524,3,14,316,3474.73,0,3.72,12.78,15.17,14.11,32,20.87,AD1a,a,45,11,22.0632357434446,FALSE,22.1859523809524
AD1,317,2022,2022-11-12,22.1438095238095,3,14,317,3474.73,0,3.72,9.05,12.91,13.46,32,20.77,AD1a,a,45,11,22.0066244890874,FALSE,22.1438095238095
AD1,318,2022,2022-11-13,22.0395238095238,3,14,318,3474.73,0,3.72,8.99,11.02,13.02,32,20.65,AD1a,a,46,11,21.8761042329532,FALSE,22.0395238095238
AD1,319,2022,2022-11-14,21.942380952381,3,14,319,3474.73,0,3.72,8.43,10.71,12.56,32,20.53,AD1a,a,46,11,21.7523829387474,FALSE,21.942380952381
AD1,320,2022,2022-11-15,21.8071428571429,3,14,320,3474.73,0,3.72,8.46,10.44,11.54,32,20.4,AD1a,a,46,11,21.6075710284289,FALSE,21.8071428571429
AD1,321,2022,2022-11-16,21.7630952380952,3,14,321,3474.73,0,3.72,5.83,9.14,10.15,32,20.26,AD1a,a,46,11,21.4819890704588,FALSE,21.7630952380952
AD1,322,2022,2022-11-17,21.6238095238095,3,14,322,3474.73,0,3.72,4.27,7.05,9.19,32,20.11,AD1a,a,46,11,21.3296381602389,FALSE,21.6238095238095
AD1,323,2022,2022-11-18,21.4733333333333,3,14,323,3474.73,0,3.72,0.74,4.5,7.54,32,19.93,AD1a,a,46,11,21.1595000133486,FALSE,21.4733333333333
AD1,324,2022,2022-11-19,21.2219047619048,3,14,324,3474.73,0,3.72,-1.02,1.86,5.65,32,19.72,AD1a,a,46,11,20.9256461164658,FALSE,21.2219047619048
AD1,325,2022,2022-11-20,21.1114285714286,3,14,325,3474.73,0,3.72,-0.86,1.06,3.79,32,19.51,AD1a,a,47,11,20.6695405990329,FALSE,21.1114285714286
AD1,326,2022,2022-11-21,18.8708928571429,4,14,326,3474.73,0,3.72,1.37,2.26,2.9,32,19.3,AD1a,a,47,11,20.389424607921,FALSE,18.8708928571429
AD1,327,2022,2022-11-22,18.7792857142857,4,14,327,3474.73,0,3.72,4.71,5.04,2.99,32,19.12,AD1a,a,47,11,20.1400340097722,FALSE,18.7792857142857
AD1,328,2022,2022-11-23,18.8030357142857,4,14,328,3474.73,0,3.72,6.37,7.54,4.11,32,18.96,AD1a,a,47,11,19.9414369096784,FALSE,18.8030357142857
AD1,329,2022,2022-11-24,18.88125,4,14,329,3474.73,0,3.72,6.59,8.48,5.64,32,18.82,AD1a,a,47,11,19.790528938335,FALSE,18.88125
AD1,330,2022,2022-11-25,18.8857142857143,4,14,330,3474.73,0,3.72,6,8.29,7.01,32,18.68,AD1a,a,47,11,19.6510752927185,FALSE,18.8857142857143
AD1,331,2022,2022-11-26,18.8442857142857,4,14,331,3474.73,0,3.72,6.06,8.03,7.94,32,18.54,AD1a,a,47,11,19.5050864414063,FALSE,18.8442857142857
AD1,332,2022,2022-11-27,18.6958928571429,4,14,332,3474.73,0,3.72,5.31,7.68,8.07,32,18.41,AD1a,a,48,11,19.3847507160517,FALSE,18.6958928571429
AD1,333,2022,2022-11-28,18.4148214285714,4,14,333,3474.73,0,3.72,4.06,6.69,7.6,32,18.26,AD1a,a,48,11,19.2441164468679,FALSE,18.4148214285714
AD1,334,2022,2022-11-29,18.2160714285714,4,14,334,3474.73,0,3.72,3.69,5.88,7.02,32,18.11,AD1a,a,48,11,19.0943990517225,FALSE,18.2160714285714
AD1,335,2022,2022-11-30,19.6404761904762,3,14,335,3474.73,0,3.72,2.73,5.21,6.37,32,17.95,AD1a,a,48,12,18.9399285900437,FALSE,19.6404761904762
AD1,336,2022,2022-12-01,19.4242857142857,3,14,336,3474.73,0,3.72,2.65,4.69,5.69,32,17.79,AD1a,a,48,12,18.7766247301038,FALSE,19.4242857142857
AD1,337,2022,2022-12-02,19.2195238095238,3,14,337,3474.73,0,3.72,1.74,4.19,4.97,32,17.62,AD1a,a,48,12,18.6118913309844,FALSE,19.2195238095238
AD1,338,2022,2022-12-03,19.1511904761905,3,14,338,3474.73,0,3.72,2.42,4.08,4.65,32,17.46,AD1a,a,48,12,18.4435897627909,FALSE,19.1511904761905
AD1,339,2022,2022-12-04,18.9130952380952,3,14,339,3474.73,0,3.72,2.68,4.55,4.44,32,17.3,AD1a,a,49,12,18.2827858803545,FALSE,18.9130952380952
AD1,340,2022,2022-12-05,18.752380952381,3,14,340,3474.73,0,3.72,1.06,3.87,4.11,32,17.13,AD1a,a,49,12,18.1339551608004,FALSE,18.752380952381
AD1,341,2022,2022-12-06,18.7138095238095,3,14,341,3474.73,0,3.72,-1.51,1.78,3.28,32,16.95,AD1a,a,49,12,17.9858530791678,FALSE,18.7138095238095
AD1,342,2022,2022-12-07,18.6133333333333,3,14,342,3474.73,0,3.72,-3.75,-0.63,2.18,32,16.75,AD1a,a,49,12,17.8093666528039,FALSE,18.6133333333333
AD1,343,2022,2022-12-08,18.4340476190476,3,14,343,3474.73,0,3.72,-0.06,0.1,1.69,32,16.55,AD1a,a,49,12,17.562678780003,FALSE,18.4340476190476
AD1,344,2022,2022-12-09,18.152380952381,3,14,344,3474.73,0,3.72,-1.15,1.39,0.92,32,16.36,AD1a,a,49,12,17.3917900244053,FALSE,18.152380952381
AD1,345,2022,2022-12-10,18.1752380952381,3,14,345,3474.73,0,3.72,-2.23,0.31,0.26,32,16.17,AD1a,a,49,12,17.224012402388,FALSE,18.1752380952381
AD1,346,2022,2022-12-11,17.7947619047619,3,14,346,3474.73,0,3.72,-3.87,-1.05,-0.21,32,15.96,AD1a,a,50,12,17.0399083692685,FALSE,17.7947619047619
AD1,347,2022,2022-12-12,17.6511904761905,3,14,347,3474.73,0,3.72,-3.66,-1.77,-0.2,32,15.75,AD1a,a,50,12,16.8366460532462,FALSE,17.6511904761905
AD1,348,2022,2022-12-13,17.52,3,14,348,3551.22,0,3.8,-0.16,0.09,-0.21,32,15.75,AD1a,a,50,12,16.872882935421,FALSE,17.52
AD1,349,2022,2022-12-14,17.8530952380952,3,14,349,3666.45,0,3.92,-4.76,-0.46,-0.94,32,15.99,AD1a,a,50,12,17.3243538374662,FALSE,17.8530952380952
AD1,350,2022,2022-12-15,18.1790476190476,3,14,350,3666.44,0,3.92,-10.22,-5.49,-2.53,32,15.99,AD1a,a,50,12,17.4715450613767,FALSE,18.1790476190476
AD1,351,2022,2022-12-16,17.855,3,14,351,3666.44,0,3.92,-0.69,-3.45,-1.9,32,15.77,AD1a,a,50,12,17.1496072824992,FALSE,17.855
AD1,352,2022,2022-12-17,17.6216666666667,3,14,352,3666.44,0,3.92,-0.86,1.23,-1.34,32,15.59,AD1a,a,50,12,17.0034086736642,FALSE,17.6216666666667
AD1,353,2022,2022-12-18,17.0895238095238,3,14,353,3666.44,0,3.92,1.23,2.18,-1.06,32,15.42,AD1a,a,51,12,16.8458606418223,FALSE,17.0895238095238
AD1,354,2022,2022-12-19,17.1602380952381,3,14,354,3666.44,0,3.92,7.24,6.23,1.34,32,15.3,AD1a,a,51,12,16.7070974112564,FALSE,17.1602380952381
AD1,355,2022,2022-12-20,16.2867857142857,4,14,355,3666.44,0,3.92,5.26,8.25,4.43,32,15.19,AD1a,a,51,12,16.6828097807914,FALSE,16.2867857142857
AD1,356,2022,2022-12-21,16.1707142857143,4,14,356,3666.44,0,3.92,5.96,7.61,5.77,32,15.09,AD1a,a,51,12,16.6408498857862,FALSE,16.1707142857143
AD1,357,2022,2022-12-22,16.0680357142857,4,14,357,3666.44,0,3.92,1.09,5.53,6.15,32,14.97,AD1a,a,51,12,16.6457297730725,FALSE,16.0680357142857
AD1,358,2022,2022-12-23,15.8582142857143,4,14,358,3666.44,0,3.92,-0.33,2.38,5.84,32,14.83,AD1a,a,51,12,16.5864896301674,FALSE,15.8582142857143
AD1,359,2022,2022-12-24,15.7671428571429,4,14,359,3666.44,0,3.92,5.28,4.47,5.45,32,14.71,AD1a,a,51,12,16.4685315613065,FALSE,15.7671428571429
AD1,360,2022,2022-12-25,15.8269642857143,4,14,360,3666.44,0,3.92,5.33,7.3,5.47,32,14.61,AD1a,a,52,12,16.4470998833186,FALSE,15.8269642857143
AD1,364,2022,2022-12-30,15.2900245098039,4,204,364,3666.44,0,3.92,5.62,8.46,7.33,32,14.23,AD1a,a,52,12,16.4156486252041,FALSE,15.2900245098039
AD1,365,2022,2022-12-30,15.2382142857143,4,14,365,3666.44,0,3.92,7.25,8.43,7.72,32,14.15,AD1a,a,52,12,16.4140707227533,FALSE,15.2382142857143
AD1,18,2022,,,,,18,3781.97,0,4.05,0.53,2.99,5.06,32,13.75,AD1a,a,3,1,15.2388735380123,TRUE,15.2388735380123
AD1,19,2022,,,,,19,3781.97,0,4.05,0.55,2.54,4.06,32,13.89,AD1a,a,3,1,15.4912014268827,TRUE,15.4912014268827
AD1,20,2022,,,,,20,3781.97,0,4.05,-0.46,2.05,2.99,32,13.76,AD1a,a,3,1,15.3080129519742,TRUE,15.3080129519742
AD1,21,2022,,,,,21,3781.97,0,4.05,-0.49,1.53,2.32,32,13.62,AD1a,a,3,1,15.1007343123403,TRUE,15.1007343123403
AD1,22,2022,,,,,22,3781.97,0,4.05,-1.07,1.22,1.81,32,13.48,AD1a,a,3,1,14.9047475747786,TRUE,14.9047475747786
AD1,23,2022,,,,,23,3781.97,0,4.05,-0.54,1.19,1.6,32,13.34,AD1a,a,3,1,14.6994190719165,TRUE,14.6994190719165
AD1,24,2022,,,,,24,3781.97,0,4.05,1.29,2.38,1.75,32,13.21,AD1a,a,4,1,14.4979040381195,TRUE,14.4979040381195
AD1,25,2022,,,,,25,3781.97,0,4.05,2.97,4.13,2.43,32,13.09,AD1a,a,4,1,14.3174852288915,TRUE,14.3174852288915
AD1,26,2022,,,,,26,3781.97,0,4.05,3.03,5,3.13,32,12.99,AD1a,a,4,1,14.1909519818479,TRUE,14.1909519818479
AD1,27,2022,,,,,27,3781.97,0,4.05,-1.7,2.66,3.01,32,12.87,AD1a,a,4,1,14.0960981346942,TRUE,14.0960981346942
AD1,28,2022,,,,,28,3781.97,0,4.05,0.86,1.58,3.29,32,12.75,AD1a,a,4,1,13.9142812638459,TRUE,13.9142812638459
AD1,29,2022,,,,,29,3781.97,0,4.05,4.23,4.55,3.88,32,12.65,AD1a,a,4,1,13.7549958174432,TRUE,13.7549958174432
AD1,30,2022,,,,,30,3781.97,0,4.05,4.1,6.16,4.1,32,12.56,AD1a,a,4,1,13.6558966466178,TRUE,13.6558966466178
AD1,31,2022,,,,,31,3781.97,0,4.05,3.9,6,4.28,32,12.48,AD1a,a,5,1,13.5739901960778,TRUE,13.5739901960778
AD1,32,2022,,,,,32,3781.97,0,4.05,4.11,6,5.44,32,12.39,AD1a,a,5,2,13.4743604704666,TRUE,13.4743604704666
AD1,33,2022,,,,,33,3781.97,0,4.05,2.18,5.15,5.7,32,12.31,AD1a,a,5,2,13.4170820408411,TRUE,13.4170820408411
AD1,34,2022,,,,,34,3781.97,0,4.05,4.98,5.58,5.85,32,12.23,AD1a,a,5,2,13.3027583669927,TRUE,13.3027583669927
AD1,35,2022,,,,,35,3781.97,0,4.05,0.13,4.56,5.06,32,12.14,AD1a,a,5,2,13.2707265263109,TRUE,13.2707265263109
AD1,36,2022,,,,,36,3781.97,0,4.05,1.43,2.78,4.57,32,12.03,AD1a,a,5,2,13.1371512630379,TRUE,13.1371512630379
AD1,37,2022,,,,,37,3781.97,0,4.05,1.83,3.63,4.11,32,11.94,AD1a,a,5,2,13.0437734581916,TRUE,13.0437734581916
AD1,95,2022,,,,,95,2762.5,0,2.96,3.82,5.12,4.8,32,11.38,AD1a,a,14,4,12.781300011359,TRUE,12.781300011359
AD1,96,2022,,,,,96,2762.5,0,2.96,4.48,6.15,5.1,32,11.32,AD1a,a,14,4,12.7055442214129,TRUE,12.7055442214129
AD1,97,2022,,,,,97,2762.5,0,2.96,5.11,6.8,5.58,32,11.27,AD1a,a,14,4,12.6379367063442,TRUE,12.6379367063442
AD1,98,2022,,,,,98,2762.5,0,2.96,7.76,8.43,6.72,32,11.25,AD1a,a,14,4,12.5691573057056,TRUE,12.5691573057056
AD1,99,2022,,,,,99,2762.5,0,2.96,7.47,9.61,7.73,32,11.23,AD1a,a,14,4,12.5361290473217,TRUE,12.5361290473217
AD1,100,2022,,,,,100,2762.5,0,2.96,8.84,10.15,8.73,32,11.23,AD1a,a,14,4,12.4979893804731,TRUE,12.4979893804731
AD1,101,2022,,,,,101,2407.27,0,2.58,7.79,10.32,9.39,32,11.22,AD1a,a,15,4,12.4810732497702,TRUE,12.4810732497702
AD1,102,2022,,,,,102,2407.27,0,2.58,5.97,8.88,9.57,32,11.19,AD1a,a,15,4,12.4571009871038,TRUE,12.4571009871038
AD1,103,2022,,,,,103,2407.27,0,2.58,6.13,8.05,9.24,32,11.15,AD1a,a,15,4,12.4001503889345,TRUE,12.4001503889345
AD1,104,2022,,,,,104,2407.27,0,2.58,6.93,8.53,9.13,32,11.13,AD1a,a,15,4,12.3506004659641,TRUE,12.3506004659641
AD1,105,2022,,,,,105,2407.27,0,2.58,9.11,10.02,9.19,32,11.11,AD1a,a,15,4,12.2833781781022,TRUE,12.2833781781022
AD1,106,2022,,,,,106,2407.27,0,2.58,9.45,11.28,9.52,32,11.11,AD1a,a,15,4,12.2540526669094,TRUE,12.2540526669094
AD1,107,2022,,,,,107,2407.27,0,2.58,9.04,11.25,10.13,32,11.14,AD1a,a,15,4,12.2568840425364,TRUE,12.2568840425364
AD1,108,2022,,,,,108,2052.04,0,2.2,8.66,10.85,10.64,32,11.17,AD1a,a,16,4,12.258574076479,TRUE,12.258574076479
AD1,109,2022,,,,,109,2052.04,0,2.2,8.24,10.45,10.9,32,11.21,AD1a,a,16,4,12.2678308139326,TRUE,12.2678308139326
AD1,110,2022,,,,,110,2052.04,0,2.2,10.05,11.14,11.09,32,11.25,AD1a,a,16,4,12.2487534726349,TRUE,12.2487534726349
AD1,111,2022,,,,,111,2052.04,0,2.2,10.23,12.14,11.24,32,11.31,AD1a,a,16,4,12.2646928211978,TRUE,12.2646928211978
AD1,112,2022,,,,,112,2052.04,0,2.2,11.97,13.1,11.83,32,11.38,AD1a,a,16,4,12.2683712132998,TRUE,12.2683712132998
AD1,113,2022,,,,,113,2052.04,0,2.2,10.38,13.17,12.17,32,11.43,AD1a,a,16,4,12.2969639416748,TRUE,12.2969639416748
AD1,114,2022,,,,,114,2052.04,0,2.2,8.94,11.66,12.31,32,11.44,AD1a,a,16,4,12.2920019787485,TRUE,12.2920019787485
AD1,115,2022,,,,,115,1706.15,0,1.83,5.3,9.12,11.36,32,11.4,AD1a,a,17,4,12.2749198622254,TRUE,12.2749198622254
AD1,116,2022,,,,,116,1706.15,0,1.83,4.59,6.94,10.24,32,11.36,AD1a,a,17,4,12.221110247553,TRUE,12.221110247553
AD1,117,2022,,,,,117,1706.15,0,1.83,4.53,6.56,8.75,32,11.32,AD1a,a,17,4,12.1587664549441,TRUE,12.1587664549441
AD1,118,2022,,,,,118,1706.15,0,1.83,5.93,7.23,7.86,32,11.29,AD1a,a,17,4,12.0856022142238,TRUE,12.0856022142238
AD1,119,2022,,,,,119,1706.15,0,1.83,6.37,8.15,7.34,32,11.27,AD1a,a,17,4,12.0315354286049,TRUE,12.0315354286049
AD1,120,2022,,,,,120,1706.15,0,1.83,5.88,8.12,7.46,32,11.24,AD1a,a,17,4,11.9807223033012,TRUE,11.9807223033012
AD1,121,2022,,,,,121,1706.15,0,1.83,9.45,9.66,8.43,32,11.25,AD1a,a,17,5,11.9101182225354,TRUE,11.9101182225354
AD1,122,2022,,,,,122,1378.96,0,1.48,6.19,9.82,8.76,32,11.25,AD1a,a,18,5,11.9157498303776,TRUE,11.9157498303776
AD1,123,2022,,,,,123,1378.96,0,1.48,6.05,8.12,8.79,32,11.24,AD1a,a,18,5,11.8745610048355,TRUE,11.8745610048355
AD1,124,2022,,,,,124,1378.96,0,1.48,6.42,8.23,8.79,32,11.2,AD1a,a,18,5,11.8033481600907,TRUE,11.8033481600907
AD1,125,2022,,,,,125,1378.96,0,1.48,6.98,8.7,9.02,32,11.17,AD1a,a,18,5,11.7370170226398,TRUE,11.7370170226398
AD1,126,2022,,,,,126,1378.96,0,1.48,6.43,8.7,8.41,32,11.13,AD1a,a,18,5,11.6761550781234,TRUE,11.6761550781234
AD1,127,2022,,,,,127,1378.96,0,1.48,9.53,9.98,9.08,32,11.14,AD1a,a,18,5,11.6084278519239,TRUE,11.6084278519239
AD1,128,2022,,,,,128,1378.96,0,1.48,11.33,12.43,10.14,32,11.23,AD1a,a,18,5,11.6184862651875,TRUE,11.6184862651875
AD1,129,2022,,,,,129,1051.78,0,1.13,13.61,14.47,11.58,32,11.38,AD1a,a,19,5,11.6690038326011,TRUE,11.6690038326011
AD1,130,2022,,,,,130,1051.78,0,1.13,12.9,15.25,12.76,32,11.55,AD1a,a,19,5,11.771976970679,TRUE,11.771976970679
AD1,131,2022,,,,,131,1051.78,0,1.13,11.31,14.1,13.74,32,11.66,AD1a,a,19,5,11.8390349111911,TRUE,11.8390349111911
AD1,132,2022,,,,,132,1051.78,0,1.13,14.47,14.89,14.72,32,11.82,AD1a,a,19,5,11.8863290790012,TRUE,11.8863290790012
AD1,133,2022,,,,,133,1051.78,0,1.13,13.55,16.01,15.17,32,12.05,AD1a,a,19,5,12.0389822444528,TRUE,12.0389822444528
AD1,134,2022,,,,,134,1051.78,0,1.13,13.73,15.64,15.19,32,12.26,AD1a,a,19,5,12.1627206591348,TRUE,12.1627206591348
AD1,135,2022,,,,,135,1051.78,0,1.13,12.51,15.12,15.11,32,12.43,AD1a,a,19,5,12.2727315364797,TRUE,12.2727315364797
AD1,136,2022,,,,,136,724.59,0,0.78,8.71,12.61,14.6,32,12.51,AD1a,a,20,5,12.3440946223206,TRUE,12.3440946223206
AD1,137,2022,,,,,137,724.59,0,0.78,7.28,9.99,13.16,32,12.52,AD1a,a,20,5,12.3309446699802,TRUE,12.3309446699802
AD1,138,2022,,,,,138,724.59,0,0.78,9.68,10.48,12.38,32,12.59,AD1a,a,20,5,12.3177352310987,TRUE,12.3177352310987
AD1,139,2022,,,,,139,724.59,0,0.78,10.55,12.12,11.75,32,12.72,AD1a,a,20,5,12.3711369306336,TRUE,12.3711369306336
AD1,140,2022,,,,,140,724.59,0,0.78,11.82,13.19,11.61,32,12.88,AD1a,a,20,5,12.4438253904067,TRUE,12.4438253904067
AD1,141,2022,,,,,141,724.59,0,0.78,14.92,15.37,12.85,32,13.11,AD1a,a,20,5,12.550274601386,TRUE,12.550274601386
AD1,142,2022,,,,,142,724.59,0,0.78,16.61,17.76,14.72,32,13.38,AD1a,a,20,5,12.707096575078,TRUE,12.707096575078
AD1,143,2022,,,,,143,425.45,0,0.46,10.53,15.57,14.89,32,13.53,AD1a,a,21,5,12.8649052450731,TRUE,12.8649052450731
AD1,144,2022,,,,,144,425.45,0,0.46,12.19,13.36,15.21,32,13.7,AD1a,a,21,5,12.9437616904797,TRUE,12.9437616904797
AD1,145,2022,,,,,145,425.45,0,0.46,10.62,13.41,14.98,32,14,AD1a,a,21,5,13.1683970681381,TRUE,13.1683970681381
AD1,146,2022,,,,,146,425.45,0,0.46,10.15,12.39,14.02,32,14.21,AD1a,a,21,5,13.3080754932593,TRUE,13.3080754932593
AD1,147,2022,,,,,147,425.45,0,0.46,10.36,12.25,12.77,32,14.38,AD1a,a,21,5,13.4079851981111,TRUE,13.4079851981111
AD1,148,2022,,,,,148,425.45,0,0.46,11.05,12.7,12.88,32,14.56,AD1a,a,21,5,13.5111204259113,TRUE,13.5111204259113
AD1,149,2022,,,,,149,425.45,0,0.46,10.6,12.83,12.56,32,14.72,AD1a,a,21,5,13.6130854296574,TRUE,13.6130854296574
AD1,150,2022,,,,,150,425.45,0,0.46,14.43,14.52,13.32,32,15,AD1a,a,22,5,13.7618098441856,TRUE,13.7618098441856
AD1,151,2022,,,,,151,425.45,0,0.46,12.05,15.24,13.7,32,15.29,AD1a,a,22,5,13.9974336394911,TRUE,13.9974336394911
AD1,152,2022,,,,,152,425.45,0,0.46,12.94,14.49,14.21,32,15.53,AD1a,a,22,6,14.1531708403064,TRUE,14.1531708403064
AD1,153,2022,,,,,153,425.45,0,0.46,12.81,14.87,14.57,32,15.79,AD1a,a,22,6,14.3398855172651,TRUE,14.3398855172651
AD1,154,2022,,,,,154,425.45,0,0.46,11.74,14.27,14.79,32,16,AD1a,a,22,6,14.4983921518416,TRUE,14.4983921518416
AD1,155,2022,,,,,155,425.45,0,0.46,11.5,13.62,14.21,32,16.11,AD1a,a,22,6,14.5644138576622,TRUE,14.5644138576622
AD1,156,2022,,,,,156,425.45,0,0.46,12.42,13.96,14.28,32,16.21,AD1a,a,22,6,14.6086549447024,TRUE,14.6086549447024
AD1,157,2022,,,,,157,425.45,0,0.46,12.52,14.47,14.2,32,16.37,AD1a,a,23,6,14.7147299168454,TRUE,14.7147299168454
AD1,158,2022,,,,,158,425.45,0,0.46,13.36,14.94,14.31,32,16.56,AD1a,a,23,6,14.8385507657596,TRUE,14.8385507657596
AD1,159,2022,,,,,159,425.45,0,0.46,13.16,15.26,14.59,32,16.77,AD1a,a,23,6,14.9939777887424,TRUE,14.9939777887424
AD1,160,2022,,,,,160,425.45,0,0.46,14.97,16.07,15.28,32,17.02,AD1a,a,23,6,15.1607048210112,TRUE,15.1607048210112
AD1,161,2022,,,,,161,425.45,0,0.46,16.62,17.79,16.12,32,17.36,AD1a,a,23,6,15.4091374060288,TRUE,15.4091374060288
AD1,162,2022,,,,,162,425.45,0,0.46,16.8,18.71,16.98,32,17.73,AD1a,a,23,6,15.7047078595317,TRUE,15.7047078595317
AD1,163,2022,,,,,163,425.45,0,0.46,17.45,19.12,17.8,32,18.12,AD1a,a,23,6,16.0151677247862,TRUE,16.0151677247862
AD1,164,2022,,,,,164,425.45,0,0.46,16.97,19.21,18.56,32,18.53,AD1a,a,24,6,16.3606285348371,TRUE,16.3606285348371
AD1,165,2022,,,,,165,425.45,0,0.46,17.53,19.25,19.08,32,18.91,AD1a,a,24,6,16.670713760844,TRUE,16.670713760844
AD1,166,2022,,,,,166,425.45,0,0.46,16.39,18.96,19.03,32,19.16,AD1a,a,24,6,16.8908525079036,TRUE,16.8908525079036
AD1,167,2022,,,,,167,425.45,0,0.46,18.11,19.25,19.29,32,19.38,AD1a,a,24,6,17.0516258428506,TRUE,17.0516258428506
AD1,168,2022,,,,,168,425.45,0,0.46,17.59,19.85,19.32,32,19.65,AD1a,a,24,6,17.2869827168383,TRUE,17.2869827168383
AD1,169,2022,,,,,169,425.45,0,0.46,17.88,19.73,19.5,32,19.91,AD1a,a,24,6,17.5062231867998,TRUE,17.5062231867998
AD1,170,2022,,,,,170,425.45,0,0.46,17.09,19.48,19.41,32,20.05,AD1a,a,24,6,17.6337276288624,TRUE,17.6337276288624
AD1,171,2022,,,,,171,579.96,0,0.62,19.11,20.1,19.96,32,21.97,AD1a,a,25,6,19.3368169690897,TRUE,19.3368169690897
AD1,172,2022,,,,,172,579.96,0,0.62,17.62,20.37,19.86,32,23.29,AD1a,a,25,6,20.5564906318711,TRUE,20.5564906318711
AD1,173,2022,,,,,173,579.96,0,0.62,18.31,19.97,20,32,23.25,AD1a,a,25,6,20.5204694047711,TRUE,20.5204694047711
AD1,174,2022,,,,,174,579.96,0,0.62,16.01,19.16,19.63,32,23.23,AD1a,a,25,6,20.5400649144672,TRUE,20.5400649144672
AD1,175,2022,,,,,175,579.96,0,0.62,17.19,18.6,19.65,32,23.18,AD1a,a,25,6,20.4894079856519,TRUE,20.4894079856519
AD1,176,2022,,,,,176,579.96,0,0.62,18.85,20.02,19.6,32,23.15,AD1a,a,25,6,20.451521743936,TRUE,20.451521743936
AD1,177,2022,,,,,177,579.96,0,0.62,17.63,20.24,19.6,32,23.08,AD1a,a,25,6,20.4123161193777,TRUE,20.4123161193777
AD1,178,2022,,,,,178,579.96,0,0.62,15.01,18.32,18.94,32,22.98,AD1a,a,26,6,20.3622571679158,TRUE,20.3622571679158
AD1,179,2022,,,,,179,579.96,0,0.62,16.18,17.59,18.97,32,22.9,AD1a,a,26,6,20.2837896513942,TRUE,20.2837896513942
AD1,180,2022,,,,,180,579.96,0,0.62,17.89,19.03,19.11,32,22.8,AD1a,a,26,6,20.1795130020745,TRUE,20.1795130020745
AD1,181,2022,,,,,181,579.96,0,0.62,15.24,18.56,18.39,32,22.68,AD1a,a,26,6,20.1097121148504,TRUE,20.1097121148504
AD1,182,2022,,,,,182,579.96,0,0.62,16.16,17.7,18.1,32,22.52,AD1a,a,26,7,19.956844082182,TRUE,19.956844082182
AD1,183,2022,,,,,183,579.96,0,0.62,16.2,18.18,18.33,32,22.39,AD1a,a,26,7,19.8426633468614,TRUE,19.8426633468614
AD1,184,2022,,,,,184,579.96,0,0.62,17.73,18.96,18.64,32,22.36,AD1a,a,26,7,19.8060100537385,TRUE,19.8060100537385
AD1,185,2022,,,,,185,579.96,0,0.62,14.54,18.13,17.97,32,22.27,AD1a,a,27,7,19.7696260349041,TRUE,19.7696260349041
AD1,186,2022,,,,,186,579.96,0,0.62,13.66,16.1,17.66,32,22.08,AD1a,a,27,7,19.6065030310889,TRUE,19.6065030310889
AD1,187,2022,,,,,187,579.96,0,0.62,13.8,15.73,17.18,32,21.89,AD1a,a,27,7,19.4293027289341,TRUE,19.4293027289341
AD1,188,2022,,,,,188,579.96,0,0.62,15.78,16.79,17.1,32,21.77,AD1a,a,27,7,19.2970418241962,TRUE,19.2970418241962
AD1,189,2022,,,,,189,579.96,0,0.62,14.49,17.14,16.45,32,21.67,AD1a,a,27,7,19.2243353582595,TRUE,19.2243353582595
AD1,190,2022,,,,,190,579.96,0,0.62,14.02,16.26,16.35,32,21.51,AD1a,a,27,7,19.0809821288216,TRUE,19.0809821288216
AD1,191,2022,,,,,191,579.96,0,0.62,13.89,15.95,16.4,32,21.36,AD1a,a,27,7,18.942243915418,TRUE,18.942243915418
AD1,192,2022,,,,,192,579.96,0,0.62,15.1,16.5,16.66,32,21.32,AD1a,a,28,7,18.8968822416849,TRUE,18.8968822416849
AD1,193,2022,,,,,193,618.5,0,0.66,17.46,18.28,16.99,32,21.67,AD1a,a,28,7,19.2333129394776,TRUE,19.2333129394776
AD1,194,2022,,,,,194,618.5,0,0.66,16.9,19.18,17.48,32,21.97,AD1a,a,28,7,19.5591342902302,TRUE,19.5591342902302
AD1,195,2022,,,,,195,618.5,0,0.66,13.5,17.2,17.37,32,21.88,AD1a,a,28,7,19.5236202838794,TRUE,19.5236202838794
AD1,196,2022,,,,,196,618.5,0,0.66,13.48,15.49,17.29,32,21.69,AD1a,a,28,7,19.3426167783735,TRUE,19.3426167783735
AD1,197,2022,,,,,197,618.5,0,0.66,13.73,15.61,17.02,32,21.55,AD1a,a,28,7,19.2085159836043,TRUE,19.2085159836043
AD1,198,2022,,,,,198,618.5,0,0.66,15.37,16.55,16.6,32,21.45,AD1a,a,28,7,19.0978554077874,TRUE,19.0978554077874
AD1,199,2022,,,,,199,618.5,0,0.66,18.79,19.08,16.97,32,21.41,AD1a,a,29,7,19.0274392348762,TRUE,19.0274392348762
AD1,200,2022,,,,,200,730.86,0,0.78,20.85,21.82,18.44,32,22.41,AD1a,a,29,7,20.0701100538422,TRUE,20.0701100538422
AD1,201,2022,,,,,201,804.15,0,0.86,24.39,24.62,20.63,32,23.74,AD1a,a,29,7,21.4558682820011,TRUE,21.4558682820011
AD1,202,2022,,,,,202,880.64,0,0.94,17.29,22.84,21.34,32,24.5,AD1a,a,29,7,22.3814259584365,TRUE,22.3814259584365
AD1,203,2022,,,,,203,880.64,0,0.94,14.25,17.77,21.11,32,24.62,AD1a,a,29,7,22.5803998246571,TRUE,22.5803998246571
AD1,204,2022,,,,,204,880.64,0,0.94,13.3,15.78,20.02,32,24.33,AD1a,a,29,7,22.3139422449807,TRUE,22.3139422449807
AD1,205,2022,,,,,205,880.64,0,0.94,15.71,16.5,18.99,32,24.08,AD1a,a,29,7,22.0464083009332,TRUE,22.0464083009332
AD1,206,2022,,,,,206,880.64,0,0.94,18.39,19.05,17.79,32,23.92,AD1a,a,30,7,21.8710791461589,TRUE,21.8710791461589
AD1,260,2022,,,,,260,2337.05,0,2.5,11.83,14.17,14.8,32,24.95,AD1a,a,37,9,25.5176474546332,TRUE,25.5176474546332
AD1,261,2022,,,,,261,2337.05,0,2.5,10.77,13.3,14.12,32,24.78,AD1a,a,37,9,25.346469421223,TRUE,25.346469421223
AD1,262,2022,,,,,262,2337.05,0,2.5,10.1,12.43,13.42,32,24.6,AD1a,a,38,9,25.1553169049949,TRUE,25.1553169049949
AD1,263,2022,,,,,263,2337.05,0,2.5,8.69,11.39,12.78,32,24.41,AD1a,a,38,9,24.9580749262161,TRUE,24.9580749262161
AD1,264,2022,,,,,264,2489.61,0,2.66,8.49,10.59,11.97,32,24.47,AD1a,a,38,9,25.0907801666175,TRUE,25.0907801666175
AD1,265,2022,,,,,265,2637.34,0,2.82,9.82,11.15,11.57,32,24.73,AD1a,a,38,9,25.4828735057575,TRUE,25.4828735057575
AD1,266,2022,,,,,266,2637.34,0,2.82,11.44,12.63,11.71,32,24.74,AD1a,a,38,9,25.5250339904388,TRUE,25.5250339904388
AD1,267,2022,,,,,267,2637.34,0,2.82,11.68,13.56,12.02,32,24.58,AD1a,a,38,9,25.3468610254237,TRUE,25.3468610254237
AD1,268,2022,,,,,268,2637.34,0,2.82,10.68,13.18,12.42,32,24.42,AD1a,a,38,9,25.1828344618449,TRUE,25.1828344618449
AD1,269,2022,,,,,269,2637.34,0,2.82,10.53,12.6,12.83,32,24.25,AD1a,a,39,9,24.9930971490489,TRUE,24.9930971490489
AD1,270,2022,,,,,270,2637.34,0,2.82,9.24,11.88,12.71,32,24.06,AD1a,a,39,9,24.7881187676684,TRUE,24.7881187676684
AD1,271,2022,,,,,271,2752.13,0,2.94,8.91,11.08,12.21,32,24.05,AD1a,a,39,9,24.8238359358945,TRUE,24.8238359358945
AD1,272,2022,,,,,272,2788.92,0,2.98,10.13,11.52,11.9,32,24.08,AD1a,a,39,9,24.896830569342,TRUE,24.896830569342
AD1,273,2022,,,,,273,2788.92,0,2.98,10.8,12.47,11.92,32,23.97,AD1a,a,39,9,24.7784318441026,TRUE,24.7784318441026
AD1,274,2022,,,,,274,2788.92,0,2.98,10.63,12.72,11.94,32,23.8,AD1a,a,39,10,24.5845100152741,TRUE,24.5845100152741
AD1,275,2022,,,,,275,2788.92,0,2.98,11.43,13.03,12.38,32,23.65,AD1a,a,39,10,24.4059877271329,TRUE,24.4059877271329
AD1,276,2022,,,,,276,2788.92,0,2.98,11.81,13.62,12.96,32,23.51,AD1a,a,40,10,24.2460102679505,TRUE,24.2460102679505
AD1,277,2022,,,,,277,2827.14,0,3.02,12.64,14.22,13.46,32,23.45,AD1a,a,40,10,24.1939293285743,TRUE,24.1939293285743
AD1,361,2022,,,,,361,3666.44,0,3.92,2.17,5.75,4.71,32,14.49,AD1a,a,52,12,16.4443358287111,TRUE,16.4443358287111
AD1,362,2022,,,,,362,3666.44,0,3.92,6.24,6.2,5.74,32,14.39,AD1a,a,52,12,16.3796788114627,TRUE,16.3796788114627
AD1,363,2022,,,,,363,3666.44,0,3.92,7.31,8.77,7.26,32,14.31,AD1a,a,52,12,16.3791373791413,TRUE,16.3791373791413
AD2,1,2023,2022-12-31,7.53694444444445,3,12,366,2498.32,0,4,8.37,9.94,9.04,32,12.69,AD2a,a,52,1,8.71676338069928,FALSE,7.53694444444445
AD2,2,2023,2023-01-01,8.03694444444444,3,12,367,2498.32,0,4,6.43,9.4,9.07,32,12.64,AD2a,a,1,1,8.70340074623721,FALSE,8.03694444444444
AD2,3,2023,2023-01-02,8.20583333333333,3,12,368,2498.32,0,4,3.91,7.17,8.39,32,12.56,AD2a,a,1,1,8.66566410763631,FALSE,8.20583333333333
AD2,4,2023,2023-01-03,7.68083333333333,3,12,369,2498.32,0,4,7.68,7.8,8.78,32,12.5,AD2a,a,1,1,8.57442982478805,FALSE,7.68083333333333
AD2,5,2023,2023-01-04,8.12666666666667,3,12,370,2498.32,0,4,2.68,7.18,7.82,32,12.43,AD2a,a,1,1,8.58280266812125,FALSE,8.12666666666667
AD2,6,2023,2023-01-05,7.41333333333333,3,12,371,2498.32,0,4,6.12,6.4,7.36,32,12.35,AD2a,a,1,1,8.47840117480098,FALSE,7.41333333333333
AD2,7,2023,2023-01-06,7.87583333333333,3,12,372,2498.32,0,4,7.78,8.95,7.63,32,12.29,AD2a,a,1,1,8.41908007841981,FALSE,7.87583333333333
AD2,8,2023,2023-01-07,8.12472222222222,3,12,373,2498.32,0,4,6.82,9.3,8.21,32,12.24,AD2a,a,1,1,8.40398970968192,FALSE,8.12472222222222
AD2,9,2023,2023-01-08,8.4925,3,12,374,2498.32,0,4,5.29,8.05,7.74,32,12.18,AD2a,a,2,1,8.38723492237685,FALSE,8.4925
AD2,10,2023,2023-01-09,8.76583333333333,3,12,375,2498.32,0,4,5.3,7.29,8.26,32,12.11,AD2a,a,2,1,8.34316891004399,FALSE,8.76583333333333
AD2,11,2023,2023-01-10,8.51138888888889,3,12,376,2498.32,0,4,7,8.15,8.44,32,12.05,AD2a,a,2,1,8.28971982566522,FALSE,8.51138888888889
AD2,12,2023,2023-01-11,8.55638888888889,3,12,377,2498.32,0,4,5.51,8.26,7.98,32,12,AD2a,a,2,1,8.28671664218981,FALSE,8.55638888888889
AD2,13,2023,2023-01-12,8.31833333333333,3,12,378,2498.32,0,4,6.4,7.96,7.9,32,11.94,AD2a,a,2,1,8.24603386022396,FALSE,8.31833333333333
AD2,14,2023,2023-01-13,8.41611111111111,3,12,379,2498.32,0,4,5.56,7.98,7.96,32,11.88,AD2a,a,2,1,8.22813329869292,FALSE,8.41611111111111
AD2,15,2023,2023-01-14,9.2875,2,12,380,2498.32,0,4,4.91,7.24,7.88,32,11.81,AD2a,a,2,1,8.20016238740686,FALSE,9.2875
AD2,16,2023,2023-01-15,9.19833333333333,2,12,381,2498.32,0,4,2.95,5.93,7.07,32,11.73,AD2a,a,3,1,8.18106909116461,FALSE,9.19833333333333
AD2,17,2023,2023-01-16,8.69125,2,12,382,2498.32,0,4,1.3,4.13,6.23,32,11.64,AD2a,a,3,1,8.15119768082028,FALSE,8.69125
AD2,18,2023,2023-01-17,8.53625,2,12,383,2498.32,0,4,0.59,2.94,5.06,32,11.54,AD2a,a,3,1,8.10312167548055,FALSE,8.53625
AD2,19,2023,2023-01-18,8.61458333333333,2,12,384,2498.32,0,4,0.39,2.49,4.03,32,11.43,AD2a,a,3,1,8.04250976900105,FALSE,8.61458333333333
AD2,20,2023,2023-01-19,8.55625,2,12,385,2498.32,0,4,-0.84,1.77,2.88,32,11.31,AD2a,a,3,1,7.98874439501894,FALSE,8.55625
AD2,21,2023,2023-01-20,8.46083333333333,2,12,386,2498.32,0,4,-0.6,1.28,2.17,32,11.19,AD2a,a,3,1,7.91944420065985,FALSE,8.46083333333333
AD2,22,2023,2023-01-21,8.48875,2,12,387,2498.32,0,4,-1.08,1.16,1.69,32,11.07,AD2a,a,3,1,7.86160727493486,FALSE,8.48875
AD2,23,2023,2023-01-22,8.08,2,12,388,2498.32,0,4,-0.31,1.31,1.51,32,10.94,AD2a,a,4,1,7.78282384462245,FALSE,8.08
AD2,24,2023,2023-01-23,7.9075,2,12,389,2498.32,0,4,1.35,2.52,1.7,32,10.84,AD2a,a,4,1,7.71916332670055,FALSE,7.9075
AD2,25,2023,2023-01-24,8.30333333333333,2,12,390,2498.32,0,4,2.82,4.09,2.44,32,10.74,AD2a,a,4,1,7.65965330496095,FALSE,8.30333333333333
AD2,26,2023,2023-01-25,7.9875,2,12,391,2498.32,0,4,3.02,4.92,3.16,32,10.66,AD2a,a,4,1,7.63275229407556,FALSE,7.9875
AD2,27,2023,2023-01-26,8.14375,2,12,392,2498.32,0,4,-1.8,2.61,3.02,32,10.56,AD2a,a,4,1,7.65419096501332,FALSE,8.14375
AD2,28,2023,2023-01-27,8.18291666666667,2,12,393,2498.32,0,4,0.75,1.48,3.23,32,10.45,AD2a,a,4,1,7.57872427358317,FALSE,8.18291666666667
AD2,29,2023,2023-01-28,8.37,2,12,394,2498.32,0,4,4.29,4.52,3.82,32,10.37,AD2a,a,4,1,7.51447767617196,FALSE,8.37
AD2,30,2023,2023-01-29,7.9725,2,12,395,2498.32,0,4,4.03,6.16,4.06,32,10.31,AD2a,a,5,1,7.51248959192253,FALSE,7.9725
AD2,31,2023,2023-01-30,8.2875,2,12,396,2498.32,0,4,4.04,6.04,4.26,32,10.24,AD2a,a,5,1,7.50066956825758,FALSE,8.2875
AD2,32,2023,2023-01-31,8.0175,2,12,397,2498.32,0,4,4.17,6.1,5.46,32,10.18,AD2a,a,5,2,7.49497111249103,FALSE,8.0175
AD2,33,2023,2023-02-01,7.7825,2,12,398,2498.32,0,4,2.36,5.26,5.78,32,10.11,AD2a,a,5,2,7.50690836714795,FALSE,7.7825
AD2,34,2023,2023-02-02,7.90375,2,12,399,2498.32,0,4,5.15,5.75,5.95,32,10.06,AD2a,a,5,2,7.47596568484975,FALSE,7.90375
AD2,35,2023,2023-02-03,7.70291666666667,2,12,400,2498.32,0,4,0.22,4.69,5.19,32,9.99,AD2a,a,5,2,7.52747212149555,FALSE,7.70291666666667
AD2,36,2023,2023-02-04,7.765,2,12,401,2498.32,0,4,1.31,2.77,4.64,32,9.9,AD2a,a,5,2,7.4920472204052,FALSE,7.765
AD2,37,2023,2023-02-05,7.71083333333333,2,12,402,2498.32,0,4,1.8,3.55,4.17,32,9.82,AD2a,a,6,2,7.47131964398555,FALSE,7.71083333333333
AD2,38,2023,2023-02-06,7.58958333333333,2,12,403,2498.32,0,4,2.1,3.95,4.12,32,9.74,AD2a,a,6,2,7.45356892128815,FALSE,7.58958333333333
AD2,39,2023,2023-02-07,6.81041666666667,2,12,404,2498.32,0,4,1.2,3.65,3.33,32,9.67,AD2a,a,6,2,7.45746176069761,FALSE,6.81041666666667
AD2,40,2023,2023-02-08,7.2475,2,12,405,2498.32,0,4,3.64,4.42,4.01,32,9.6,AD2a,a,6,2,7.42039840835654,FALSE,7.2475
AD2,41,2023,2023-02-09,7.05291666666667,2,12,406,2498.32,0,4,5,6.32,4.75,32,9.54,AD2a,a,6,2,7.40305342576095,FALSE,7.05291666666667
AD2,42,2023,2023-02-10,6.9275,2,12,407,2498.32,0,4,7.56,8.28,5.9,32,9.51,AD2a,a,6,2,7.38886336339675,FALSE,6.9275
AD2,43,2023,2023-02-11,7.01541666666667,2,12,408,2498.32,0,4,6.91,9.23,6.86,32,9.49,AD2a,a,6,2,7.41983566680496,FALSE,7.01541666666667
AD2,44,2023,2023-02-12,7.0775,2,12,409,2498.32,0,4,5.97,8.44,7.81,32,9.46,AD2a,a,7,2,7.44799778891719,FALSE,7.0775
AD2,45,2023,2023-02-13,7.11166666666667,2,12,410,2498.32,0,4,3.9,6.93,7.87,32,9.42,AD2a,a,7,2,7.48396518338448,FALSE,7.11166666666667
AD2,46,2023,2023-02-14,6.64555555555556,3,12,411,2498.32,0,4,2.87,5.38,7.44,32,9.37,AD2a,a,7,2,7.50111264765645,FALSE,6.64555555555556
AD2,47,2023,2023-02-15,6.45166666666667,3,12,412,2498.32,0,4,5.39,6.13,7.01,32,9.33,AD2a,a,7,2,7.47974938512735,FALSE,6.45166666666667
AD2,48,2023,2023-02-16,6.72833333333333,3,12,413,2498.32,0,4,7.21,8.3,7.07,32,9.3,AD2a,a,7,2,7.47220077126974,FALSE,6.72833333333333
AD2,49,2023,2023-02-17,6.92555555555556,3,12,414,2498.32,0,4,4.08,7.64,6.69,32,9.27,AD2a,a,7,2,7.52536940179816,FALSE,6.92555555555556
AD2,50,2023,2023-02-18,6.67694444444445,3,12,415,2498.32,0,4,3.1,5.59,6.53,32,9.22,AD2a,a,7,2,7.54069257722542,FALSE,6.67694444444445
AD2,51,2023,2023-02-19,6.76833333333333,3,12,416,2498.32,0,4,7.02,7.06,7.36,32,9.19,AD2a,a,8,2,7.50575073726529,FALSE,6.76833333333333
AD2,52,2023,2023-02-20,6.88138888888889,3,12,417,2498.32,0,4,5.49,8.25,7.38,32,9.17,AD2a,a,8,2,7.54291108386778,FALSE,6.88138888888889
AD2,53,2023,2023-02-21,6.8025,3,12,418,2498.32,0,4,4.77,7.13,6.89,32,9.13,AD2a,a,8,2,7.55901584967405,FALSE,6.8025
AD2,54,2023,2023-02-22,6.85333333333333,3,12,419,2498.32,0,4,4.88,6.83,7.05,32,9.1,AD2a,a,8,2,7.5695285295853,FALSE,6.85333333333333
AD2,55,2023,2023-02-23,7.2325,2,12,420,2498.32,0,4,4.23,6.56,7.28,32,9.06,AD2a,a,8,2,7.58379850429267,FALSE,7.2325
AD2,56,2023,2023-02-24,7.1125,2,12,421,2498.32,0,4,1.07,4.65,6.09,32,9.01,AD2a,a,8,2,7.62362368917484,FALSE,7.1125
AD2,57,2023,2023-02-25,7.20708333333333,2,12,422,2498.32,0,4,0.38,2.72,5.07,32,8.95,AD2a,a,8,2,7.62755324074057,FALSE,7.20708333333333
AD2,58,2023,2023-02-26,7.6175,2,12,423,2498.32,0,4,2.22,3.3,4.56,32,8.89,AD2a,a,9,2,7.59988101939629,FALSE,7.6175
AD2,59,2023,2023-02-27,7.81166666666667,2,12,424,2498.32,0,4,1.94,4.08,3.97,32,8.84,AD2a,a,9,2,7.60294706686297,FALSE,7.81166666666667
AD2,60,2023,2023-02-28,8.07833333333333,2,12,425,2498.32,0,4,1.5,3.72,3.42,32,8.78,AD2a,a,9,3,7.60272309379129,FALSE,8.07833333333333
AD2,61,2023,2023-03-01,8.05791666666667,2,12,426,2498.32,0,4,1.79,3.65,3.57,32,8.72,AD2a,a,9,3,7.59307980983731,FALSE,8.05791666666667
AD2,62,2023,2023-03-02,8.1375,2,12,427,2498.32,0,4,3.94,4.87,4.28,32,8.67,AD2a,a,9,3,7.56473529939991,FALSE,8.1375
AD2,63,2023,2023-03-03,8.35958333333333,2,12,428,2498.32,0,4,3.41,5.67,4.52,32,8.64,AD2a,a,9,3,7.57836922720646,FALSE,8.35958333333333
AD2,64,2023,2023-03-04,8.63416666666667,2,12,429,2498.32,0,4,-0.7,3.35,3.99,32,8.58,AD2a,a,9,3,7.62165740866234,FALSE,8.63416666666667
AD2,65,2023,2023-03-05,8.83666666666667,2,12,430,2498.32,0,4,-1.17,1.06,3.45,32,8.5,AD2a,a,10,3,7.61023502282772,FALSE,8.83666666666667
AD2,66,2023,2023-03-06,7.68333333333333,3,12,431,2498.32,0,4,-0.71,1.06,2.95,32,8.42,AD2a,a,10,3,7.58694174172808,FALSE,7.68333333333333
AD2,67,2023,2023-03-07,6.78055555555556,3,12,432,2498.32,0,4,-2.35,0.47,1.69,32,8.34,AD2a,a,10,3,7.58921728077513,FALSE,6.78055555555556
AD2,68,2023,2023-03-08,6.75194444444445,3,12,433,2498.32,0,4,-1.71,-0.03,0.67,32,8.25,AD2a,a,10,3,7.5583550160071,FALSE,6.75194444444445
AD2,69,2023,2023-03-09,6.74944444444444,3,12,434,2498.32,0,4,-0.64,0.82,0.68,32,8.17,AD2a,a,10,3,7.52623078145571,FALSE,6.74944444444444
AD2,70,2023,2023-03-10,6.69111111111111,3,12,435,2498.32,0,4,-0.58,1.39,0.8,32,8.09,AD2a,a,10,3,7.5060888663357,FALSE,6.69111111111111
AD2,71,2023,2023-03-11,6.605,3,12,436,2498.32,0,4,-0.25,1.59,0.89,32,8.01,AD2a,a,10,3,7.48206467230643,FALSE,6.605
AD2,72,2023,2023-03-12,6.40833333333333,3,12,437,2498.32,0,4,7.67,5.71,2.9,32,7.97,AD2a,a,11,3,7.38114194935888,FALSE,6.40833333333333
AD2,73,2023,2023-03-13,6.72138888888889,3,12,438,2498.32,0,4,3.79,7.73,4,32,7.95,AD2a,a,11,3,7.43409369379577,FALSE,6.72138888888889
AD2,74,2023,2023-03-14,6.7675,3,12,439,2498.32,0,4,1.81,4.8,4.49,32,7.91,AD2a,a,11,3,7.45396533533161,FALSE,6.7675
AD2,75,2023,2023-03-15,7.6525,2,12,440,2498.32,0,4,2.94,4.38,5.19,32,7.87,AD2a,a,11,3,7.43455566071032,FALSE,7.6525
AD2,76,2023,2023-03-16,7.58833333333333,2,12,441,2498.32,0,4,6.62,6.78,6.57,32,7.85,AD2a,a,11,3,7.39138661194451,FALSE,7.58833333333333
AD2,77,2023,2023-03-17,7.36,2,12,442,2498.32,0,4,8.34,9.48,6.7,32,7.85,AD2a,a,11,3,7.38012588015311,FALSE,7.36
AD2,78,2023,2023-03-18,7.55166666666667,2,12,443,2498.32,0,4,7.61,9.98,7.47,32,7.86,AD2a,a,11,3,7.40247008152375,FALSE,7.55166666666667
AD2,79,2023,2023-03-19,7.625,2,12,444,2498.32,0,4,5.9,8.76,8.28,32,7.86,AD2a,a,12,3,7.43169101304367,FALSE,7.625
AD2,80,2023,2023-03-20,7.59208333333333,2,12,445,2498.32,0,4,6.13,8.01,8.92,32,7.85,AD2a,a,12,3,7.43172394802361,FALSE,7.59208333333333
AD2,81,2023,2023-03-21,7.5375,2,12,446,2123.57,0,3.4,7.84,8.99,9.16,32,7.85,AD2a,a,12,3,7.41676873422392,FALSE,7.5375
AD2,82,2023,2023-03-22,7.57958333333333,2,12,447,2123.57,0,3.4,8.28,10.06,9.15,32,7.87,AD2a,a,12,3,7.42504123357413,FALSE,7.57958333333333
AD2,83,2023,2023-03-23,7.655,2,12,448,2123.57,0,3.4,8.16,10.22,9.26,32,7.9,AD2a,a,12,3,7.44350619488771,FALSE,7.655
AD2,84,2023,2023-03-24,7.71,2,12,449,2123.57,0,3.4,7.36,9.76,9.55,32,7.91,AD2a,a,12,3,7.46100983691867,FALSE,7.71
AD2,85,2023,2023-03-25,8.055,2,12,450,2123.57,0,3.4,3.55,7.46,9.04,32,7.91,AD2a,a,12,3,7.51062692734847,FALSE,8.055
AD2,86,2023,2023-03-26,8.42319444444444,3,24,451,2123.57,0,3.4,0.25,3.9,7.52,32,7.88,AD2a,a,13,3,7.54043224335306,FALSE,8.42319444444444
AD2,87,2023,2023-03-27,7.69319444444445,3,24,452,1748.82,0,2.8,0.95,2.6,6.05,32,7.83,AD2a,a,13,3,7.51148655640845,FALSE,7.69319444444445
AD2,88,2023,2023-03-28,7.62041666666667,3,24,453,1748.82,0,2.8,4.88,4.92,5.4,32,7.79,AD2a,a,13,3,7.44592186583701,FALSE,7.62041666666667
AD2,89,2023,2023-03-29,7.63180555555556,3,24,454,1748.82,0,2.8,7.46,8.17,5.42,32,7.77,AD2a,a,13,3,7.40458207091355,FALSE,7.63180555555556
AD2,90,2023,2023-03-30,7.71555555555556,3,24,455,1748.82,0,2.8,6.92,9.19,6.09,32,7.76,AD2a,a,13,3,7.40515947238317,FALSE,7.71555555555556
AD2,91,2023,2023-03-31,7.92861111111111,3,24,456,1748.82,0,2.8,3.2,7.06,6.68,32,7.75,AD2a,a,13,4,7.44419647442461,FALSE,7.92861111111111
AD2,92,2023,2023-04-01,7.67680555555556,3,24,457,1748.82,0,2.8,2.89,5.04,7.07,32,7.74,AD2a,a,13,4,7.44019242666066,FALSE,7.67680555555556
AD2,93,2023,2023-04-02,8.53291666666667,3,24,458,1374.08,0,2.2,2.32,4.6,6.56,32,7.72,AD2a,a,14,4,7.43431643048068,FALSE,8.53291666666667
AD2,203,2022,2022-07-22,18.7817741935484,2,93,203,1407.3,0,2.25,14.21,17.65,21.1,32,24.7,AD2a,a,29,7,20.3930981087709,FALSE,18.7817741935484
AD2,204,2022,2022-07-22,18.7329166666667,2,24,204,1407.3,0,2.25,13.35,15.78,19.99,32,24.56,AD2a,a,29,7,20.327684606893,FALSE,18.7329166666667
AD2,235,2022,2022-08-23,21.5001351351351,2,74,235,1686.79,0,2.7,19.67,19.19,18.87,32,24.09,AD2a,a,34,8,21.2697010312271,FALSE,21.5001351351351
AD2,236,2022,2022-08-23,21.4402083333333,2,24,236,1686.79,0,2.7,20.86,22.26,19.51,32,24.07,AD2a,a,34,8,21.2660522058545,FALSE,21.4402083333333
AD2,237,2022,2022-08-24,21.52125,2,24,237,1758.07,0,2.81,20.06,22.46,20.08,32,24.24,AD2a,a,34,8,21.5056931128667,FALSE,21.52125
AD2,238,2022,2022-08-25,21.9464583333333,2,24,238,1758.07,0,2.81,19.92,21.99,21.05,32,24.36,AD2a,a,34,8,21.6793407819968,FALSE,21.9464583333333
AD2,239,2022,2022-08-26,22.0025,2,24,239,1758.07,0,2.81,16.9,20.41,21.48,32,24.32,AD2a,a,34,8,21.7020368809485,FALSE,22.0025
AD2,240,2022,2022-08-27,21.9589583333333,2,24,240,1758.07,0,2.81,15.89,18.39,20.73,32,24.25,AD2a,a,34,8,21.6634090047995,FALSE,21.9589583333333
AD2,241,2022,2022-08-28,21.87875,2,24,241,1758.07,0,2.81,15.87,17.88,19.73,32,24.18,AD2a,a,35,8,21.610907572438,FALSE,21.87875
AD2,242,2022,2022-08-29,21.795,2,24,242,1758.07,0,2.81,14.93,17.4,18.7,32,24.11,AD2a,a,35,8,21.5681593875928,FALSE,21.795
AD2,243,2022,2022-08-30,21.7825,2,24,243,1758.07,0,2.81,13.85,16.39,17.49,32,24.03,AD2a,a,35,8,21.5137366462951,FALSE,21.7825
AD2,244,2022,2022-08-31,21.6464583333333,2,24,244,1829.42,0,2.93,14.14,16,16.94,32,24.1,AD2a,a,35,9,21.6179407264988,FALSE,21.6464583333333
AD2,245,2022,2022-09-01,22.036875,2,24,245,1829.42,0,2.93,14.01,16.07,16.56,32,24.16,AD2a,a,35,9,21.7147422752952,FALSE,22.036875
AD2,246,2022,2022-09-02,21.8597916666667,2,24,246,1829.42,0,2.93,15.75,16.88,16.54,32,24.07,AD2a,a,35,9,21.6094098003209,FALSE,21.8597916666667
AD2,247,2022,2022-09-03,21.5902083333333,2,24,247,1829.42,0,2.93,16.38,18.06,16.82,32,24,AD2a,a,35,9,21.5398748549141,FALSE,21.5902083333333
AD2,248,2022,2022-09-04,21.6577083333333,2,24,248,1829.42,0,2.93,17.12,18.75,17.48,32,23.93,AD2a,a,36,9,21.4673595403033,FALSE,21.6577083333333
AD2,249,2022,2022-09-05,21.4704166666667,2,24,249,1829.42,0,2.93,16.87,19,18.02,32,23.87,AD2a,a,36,9,21.4174347583834,FALSE,21.4704166666667
AD2,250,2022,2022-09-06,21.4814583333333,2,24,250,1829.42,0,2.93,15.45,18.16,18.31,32,23.79,AD2a,a,36,9,21.3564553882002,FALSE,21.4814583333333
AD2,251,2022,2022-09-07,21.215625,2,24,251,1956.22,0,3.13,15.05,17.25,18.18,32,23.99,AD2a,a,36,9,21.6174547740602,FALSE,21.215625
AD2,252,2022,2022-09-08,21.2258333333333,2,24,252,1956.22,0,3.13,15.23,17.14,17.95,32,24.14,AD2a,a,36,9,21.8107655259135,FALSE,21.2258333333333
AD2,253,2022,2022-09-09,21.331875,2,24,253,1956.22,0,3.13,14.82,17.03,17.49,32,24.05,AD2a,a,36,9,21.7214358358716,FALSE,21.331875
AD2,254,2022,2022-09-10,21.744375,2,24,254,1956.22,0,3.13,13.76,16.29,16.86,32,23.95,AD2a,a,36,9,21.6263570930064,FALSE,21.744375
AD2,255,2022,2022-09-11,21.860625,2,24,255,1956.22,0,3.13,14.03,15.89,16.58,32,23.85,AD2a,a,37,9,21.5130914913109,FALSE,21.860625
AD2,256,2022,2022-09-12,21.395,2,24,256,1956.22,0,3.13,14.17,16.1,16.4,32,23.75,AD2a,a,37,9,21.3997165536455,FALSE,21.395
AD2,257,2022,2022-09-13,21.49125,2,24,257,1956.22,0,3.13,13.6,15.89,16.08,32,23.64,AD2a,a,37,9,21.2812990848472,FALSE,21.49125
AD2,258,2022,2022-09-14,21.3585416666667,2,24,258,2031.75,0,3.25,11.84,14.72,15.48,32,23.7,AD2a,a,37,9,21.3823230188897,FALSE,21.3585416666667
AD2,259,2022,2022-09-15,21.600625,2,24,259,2031.76,0,3.25,12.45,14.14,15.22,32,23.73,AD2a,a,37,9,21.4163646092414,FALSE,21.600625
AD2,260,2022,2022-09-16,21.27625,2,24,260,2031.76,0,3.25,11.68,14.06,14.75,32,23.62,AD2a,a,37,9,21.2957798413853,FALSE,21.27625
AD2,261,2022,2022-09-17,21.5327083333333,2,24,261,2031.76,0,3.25,10.81,13.24,14.08,32,23.49,AD2a,a,37,9,21.1504021856519,FALSE,21.5327083333333
AD2,262,2022,2022-09-18,21.2964583333333,2,24,262,2031.76,0,3.25,10.02,12.41,13.36,32,23.35,AD2a,a,38,9,20.9901634576801,FALSE,21.2964583333333
AD2,263,2022,2022-09-19,21.354375,2,24,263,2031.76,0,3.25,8.83,11.42,12.76,32,23.21,AD2a,a,38,9,20.8332106740555,FALSE,21.354375
AD2,264,2022,2022-09-20,21.4583333333333,2,24,264,2031.76,0,3.25,8.95,10.89,12.06,32,23.07,AD2a,a,38,9,20.6584357874314,FALSE,21.4583333333333
AD2,265,2022,2022-09-21,21.4158333333333,2,24,265,2082.66,0,3.33,9.79,11.37,11.68,32,23.04,AD2a,a,38,9,20.6075316227407,FALSE,21.4158333333333
AD2,266,2022,2022-09-22,21.411875,2,24,266,2082.66,0,3.33,11.54,12.66,11.83,32,23,AD2a,a,38,9,20.5317220948225,FALSE,21.411875
AD2,267,2022,2022-09-23,20.8783333333333,2,24,267,2131.66,0,3.41,11.76,13.65,12.17,32,22.99,AD2a,a,38,9,20.5100602526866,FALSE,20.8783333333333
AD2,268,2022,2022-09-24,21.4139583333333,2,24,268,2131.66,0,3.41,10.89,13.33,12.59,32,22.97,AD2a,a,38,9,20.4882275099287,FALSE,21.4139583333333
AD2,269,2022,2022-09-25,21.5916666666667,2,24,269,2131.66,0,3.41,10.5,12.69,12.89,32,22.83,AD2a,a,39,9,20.3123294048246,FALSE,21.5916666666667
AD2,270,2022,2022-09-26,20.0008333333333,2,24,270,2131.66,0,3.41,9.14,11.82,12.76,32,22.68,AD2a,a,39,9,20.1347850982232,FALSE,20.0008333333333
AD2,271,2022,2022-09-27,19.7316666666667,2,24,271,2131.66,0,3.41,8.69,10.92,12.2,32,22.53,AD2a,a,39,9,19.9446176648705,FALSE,19.7316666666667
AD2,272,2022,2022-09-28,20.10375,2,24,272,2182.79,0,3.49,10.09,11.39,11.86,32,22.5,AD2a,a,39,9,19.8768485962196,FALSE,20.10375
AD2,273,2022,2022-09-29,20.078125,2,24,273,2182.79,0,3.49,10.85,12.47,11.85,32,22.47,AD2a,a,39,9,19.8155981042809,FALSE,20.078125
AD2,274,2022,2022-09-30,19.226875,2,24,274,2231.43,0,3.57,10.59,12.72,11.87,32,22.45,AD2a,a,39,10,19.7777687161126,FALSE,19.226875
AD2,275,2022,2022-10-01,18.92375,2,24,275,2231.43,0,3.57,11.47,13.03,12.34,32,22.43,AD2a,a,39,10,19.7244238333005,FALSE,18.92375
AD2,276,2022,2022-10-02,19.8016666666667,2,24,276,2231.43,0,3.57,11.74,13.6,12.95,32,22.32,AD2a,a,40,10,19.5675410581028,FALSE,19.8016666666667
AD2,277,2022,2022-10-03,19.90625,2,24,277,2231.43,0,3.57,12.58,14.16,13.45,32,22.22,AD2a,a,40,10,19.4145680295647,FALSE,19.90625
AD2,278,2022,2022-10-04,19.5839583333333,2,24,278,2231.43,0,3.57,14.4,15.49,14.16,32,22.12,AD2a,a,40,10,19.2482724130039,FALSE,19.5839583333333
AD2,279,2022,2022-10-05,18.9547916666667,2,24,279,2257.04,0,3.61,12.81,15.6,14.6,32,22.09,AD2a,a,40,10,19.207994279511,FALSE,18.9547916666667
AD2,280,2022,2022-10-06,19.4870833333333,2,24,280,2257.04,0,3.61,13.81,15.31,15.07,32,22.05,AD2a,a,40,10,19.1221887858843,FALSE,19.4870833333333
AD2,281,2022,2022-10-07,18.7114583333333,2,24,281,2257.04,0,3.61,9.65,13.73,14.65,32,21.95,AD2a,a,40,10,19.0262175579284,FALSE,18.7114583333333
AD2,282,2022,2022-10-08,18.618125,2,24,282,2257.04,0,3.61,8.9,11.28,13.91,32,21.83,AD2a,a,40,10,18.8628091223018,FALSE,18.618125
AD2,283,2022,2022-10-09,19.05875,2,24,283,2257.04,0,3.61,9.2,11.05,12.87,32,21.7,AD2a,a,41,10,18.6733861676013,FALSE,19.05875
AD2,284,2022,2022-10-10,18.1985416666667,2,24,284,2257.04,0,3.61,8.78,10.99,12.07,32,21.57,AD2a,a,41,10,18.4920018223602,FALSE,18.1985416666667
AD2,285,2022,2022-10-11,18.6789583333333,2,24,285,2257.04,0,3.61,9.4,11.09,11.19,32,21.44,AD2a,a,41,10,18.2969414195094,FALSE,18.6789583333333
AD2,286,2022,2022-10-12,17.485,2,24,286,2257.04,0,3.61,9.91,11.66,11.24,32,21.32,AD2a,a,41,10,18.1144747791716,FALSE,17.485
AD2,287,2022,2022-10-13,17.56,2,24,287,2257.04,0,3.61,10.86,12.39,11.63,32,21.2,AD2a,a,41,10,17.9258046930994,FALSE,17.56
AD2,288,2022,2022-10-14,17.704375,2,24,288,2257.04,0,3.61,12.38,13.62,12.27,32,21.1,AD2a,a,41,10,17.7532412265141,FALSE,17.704375
AD2,289,2022,2022-10-15,18.2108333333333,2,24,289,2257.04,0,3.61,11.32,13.85,12.78,32,21,AD2a,a,41,10,17.6117992495251,FALSE,18.2108333333333
AD2,290,2022,2022-10-16,17.550625,2,24,290,2373.41,0,3.8,11.21,13.26,13.14,32,21.18,AD2a,a,42,10,17.7901612494203,FALSE,17.550625
AD2,291,2022,2022-10-17,16.8029166666667,2,24,291,2373.4,0,3.8,11.08,13.15,13.37,32,21.33,AD2a,a,42,10,17.9305727295485,FALSE,16.8029166666667
AD2,292,2022,2022-10-18,17.1225,2,24,292,2373.4,0,3.8,6.9,10.99,12.58,32,21.21,AD2a,a,42,10,17.8000292173484,FALSE,17.1225
AD2,293,2022,2022-10-19,16.8970833333333,2,24,293,2373.4,0,3.8,7.11,9.01,11.53,32,21.08,AD2a,a,42,10,17.6028746992593,FALSE,16.8970833333333
AD2,294,2022,2022-10-20,16.844375,2,24,294,2373.4,0,3.8,10.51,10.81,11.36,32,20.95,AD2a,a,42,10,17.3658426938029,FALSE,16.844375
AD2,295,2022,2022-10-21,16.6497916666667,2,24,295,2373.4,0,3.8,12.86,13.69,11.7,32,20.85,AD2a,a,42,10,17.1764480862901,FALSE,16.6497916666667
AD2,296,2022,2022-10-22,16.85875,2,24,296,2373.4,0,3.8,10.74,13.8,11.63,32,20.75,AD2a,a,42,10,17.0417676410594,FALSE,16.85875
AD2,297,2022,2022-10-23,16.8902083333333,2,24,297,2373.4,0,3.8,13.31,14.03,12.91,32,20.66,AD2a,a,43,10,16.8601343312587,FALSE,16.8902083333333
AD2,298,2022,2022-10-24,16.49625,2,24,298,2373.4,0,3.8,12.16,14.73,13.92,32,20.57,AD2a,a,43,10,16.7239322711456,FALSE,16.49625
AD2,299,2022,2022-10-25,16.528125,2,24,299,2373.4,0,3.8,11.59,13.87,14.13,32,20.48,AD2a,a,43,10,16.5800192186887,FALSE,16.528125
AD2,300,2022,2022-10-26,16.183125,2,24,300,2373.4,0,3.8,13.99,14.79,14.36,32,20.41,AD2a,a,43,10,16.4217315271156,FALSE,16.183125
AD2,301,2022,2022-10-27,16.3460416666667,2,24,301,2373.4,0,3.8,15.02,16.51,15.21,32,20.35,AD2a,a,43,10,16.2910878056921,FALSE,16.3460416666667
AD2,302,2022,2022-10-28,17.1833333333333,2,24,302,2373.4,0,3.8,12.27,15.64,15,32,20.28,AD2a,a,43,10,16.1951230394281,FALSE,17.1833333333333
AD2,303,2022,2022-10-29,17.1914583333333,2,24,303,2498.32,0,4,13.66,14.96,15.3,32,20.52,AD2a,a,43,10,16.3963306083092,FALSE,17.1914583333333
AD2,304,2022,2022-10-30,16.7991666666667,2,12,304,2498.32,0,4,12.52,15.09,15.49,32,20.73,AD2a,a,44,10,16.5908982788419,FALSE,16.7991666666667
AD2,305,2022,2022-10-31,16.9333333333333,2,12,305,2498.32,0,4,12.79,14.65,15.25,32,20.65,AD2a,a,44,11,16.4410042593948,FALSE,16.9333333333333
AD2,306,2022,2022-11-01,15.8672222222222,3,12,306,2498.32,0,4,9.81,13.3,14.21,32,20.56,AD2a,a,44,11,16.3197259629431,FALSE,15.8672222222222
AD2,307,2022,2022-11-02,14.6263888888889,3,12,307,2498.32,0,4,10.08,11.95,13.77,32,20.46,AD2a,a,44,11,16.1469089226376,FALSE,14.6263888888889
AD2,308,2022,2022-11-03,15.1408333333333,3,12,308,2498.32,0,4,9.45,11.76,12.93,32,20.35,AD2a,a,44,11,15.9741316503644,FALSE,15.1408333333333
AD2,309,2022,2022-11-04,15.1780555555556,3,12,309,2498.32,0,4,8.79,11.12,12.18,32,20.24,AD2a,a,44,11,15.8017614832643,FALSE,15.1780555555556
AD2,310,2022,2022-11-05,15.1855555555556,3,12,310,2498.32,0,4,10.2,11.49,11.67,32,20.13,AD2a,a,44,11,15.6038838775693,FALSE,15.1855555555556
AD2,311,2022,2022-11-06,15.0880555555556,3,12,311,2498.32,0,4,10.32,12.26,11.77,32,20.03,AD2a,a,45,11,15.4328298885426,FALSE,15.0880555555556
AD2,312,2022,2022-11-07,15.2288888888889,3,12,312,2498.32,0,4,12.33,13.32,12.22,32,19.94,AD2a,a,45,11,15.2490969709634,FALSE,15.2288888888889
AD2,313,2022,2022-11-08,15.3788888888889,3,12,313,2498.32,0,4,11.17,13.75,12.56,32,19.86,AD2a,a,45,11,15.1150832458119,FALSE,15.3788888888889
AD2,314,2022,2022-11-09,14.8608333333333,3,12,314,2498.32,0,4,10.85,13.01,12.97,32,19.77,AD2a,a,45,11,14.9600423774083,FALSE,14.8608333333333
AD2,315,2022,2022-11-10,15.0630555555556,3,12,315,2498.32,0,4,13.52,14.19,13.64,32,19.69,AD2a,a,45,11,14.7784626264465,FALSE,15.0630555555556
AD2,316,2022,2022-11-11,15.25,3,12,316,2498.32,0,4,12.74,15.13,14.12,32,19.62,AD2a,a,45,11,14.649785573365,FALSE,15.25
AD2,317,2022,2022-11-12,15.1947222222222,3,12,317,2498.32,0,4,9.15,12.95,13.49,32,19.53,AD2a,a,45,11,14.5352180743159,FALSE,15.1947222222222
AD2,318,2022,2022-11-13,14.8205555555556,3,12,318,2498.32,0,4,8.84,10.99,13.02,32,19.43,AD2a,a,46,11,14.3701467876229,FALSE,14.8205555555556
AD2,319,2022,2022-11-14,14.4483333333333,3,12,319,2498.32,0,4,8.43,10.63,12.54,32,19.32,AD2a,a,46,11,14.1967051144979,FALSE,14.4483333333333
AD2,320,2022,2022-11-15,14.2272222222222,3,12,320,2498.32,0,4,8.57,10.5,11.55,32,19.21,AD2a,a,46,11,14.0171376914975,FALSE,14.2272222222222
AD2,321,2022,2022-11-16,14.5797222222222,3,12,321,2498.32,0,4,5.74,9.15,10.14,32,19.09,AD2a,a,46,11,13.8652030537244,FALSE,14.5797222222222
AD2,322,2022,2022-11-17,14.6211111111111,3,12,322,2498.32,0,4,4.07,6.9,9.13,32,18.95,AD2a,a,46,11,13.6804432407688,FALSE,14.6211111111111
AD2,323,2022,2022-11-18,14.3244444444444,3,12,323,2498.32,0,4,0.56,4.32,7.47,32,18.78,AD2a,a,46,11,13.491007143821,FALSE,14.3244444444444
AD2,324,2022,2022-11-19,13.9275,3,12,324,2498.32,0,4,-1.11,1.73,5.56,32,18.59,AD2a,a,46,11,13.2619451888139,FALSE,13.9275
AD2,325,2022,2022-11-20,13.6308333333333,3,12,325,2498.32,0,4,-0.8,1.04,3.69,32,18.39,AD2a,a,47,11,13.0017074525823,FALSE,13.6308333333333
AD2,326,2022,2022-11-21,10.513125,4,12,326,2498.32,0,4,1.36,2.28,2.82,32,18.2,AD2a,a,47,11,12.7309982709995,FALSE,10.513125
AD2,327,2022,2022-11-22,10.6316666666667,4,12,327,2498.32,0,4,4.8,5.08,2.96,32,18.03,AD2a,a,47,11,12.4658781598941,FALSE,10.6316666666667
AD2,339,2022,2022-12-05,10.7331024096386,2,166,339,2498.32,0,4,2.75,4.63,4.62,32,16.37,AD2a,a,49,12,10.3546702895554,FALSE,10.7331024096386
AD2,340,2022,2022-12-05,10.9375,2,12,340,2498.32,0,4,1.18,3.97,4.25,32,16.22,AD2a,a,49,12,10.205220846581,FALSE,10.9375
AD2,341,2022,2022-12-06,10.7379166666667,2,12,341,2498.32,0,4,-1.48,1.85,3.37,32,16.05,AD2a,a,49,12,10.058049989038,FALSE,10.7379166666667
AD2,342,2022,2022-12-07,10.11,2,12,342,2498.32,0,4,-3.56,-0.52,2.28,32,15.87,AD2a,a,49,12,9.90075297505871,FALSE,10.11
AD2,343,2022,2022-12-08,10.2745833333333,2,12,343,2498.32,0,4,0,0.22,1.78,32,15.68,AD2a,a,49,12,9.67133319670606,FALSE,10.2745833333333
AD2,344,2022,2022-12-09,9.87,2,12,344,2498.32,0,4,-1.51,1.25,0.93,32,15.51,AD2a,a,49,12,9.5236610615763,FALSE,9.87
AD2,345,2022,2022-12-10,9.67375,2,12,345,2498.32,0,4,-2.53,-0.02,0.19,32,15.32,AD2a,a,49,12,9.36106393977567,FALSE,9.67375
AD2,346,2022,2022-12-11,9.55,2,12,346,2498.32,0,4,-3.58,-1.06,-0.24,32,15.13,AD2a,a,50,12,9.20430235460733,FALSE,9.55
AD2,347,2022,2022-12-12,10.4379166666667,2,12,347,2498.32,0,4,-2.67,-1.13,-0.06,32,14.93,AD2a,a,50,12,9.02245934850751,FALSE,10.4379166666667
AD2,348,2022,2022-12-14,8.715,2,3,348,2498.32,0,4,-0.01,0.66,-0.06,32,14.76,AD2a,a,50,12,8.84394182872229,FALSE,8.715
AD2,349,2022,2022-12-15,8.22732323232323,2,99,349,2498.32,0,4,-4.07,-0.04,-0.57,32,14.58,AD2a,a,50,12,8.74766769508752,FALSE,8.22732323232323
AD2,350,2022,2022-12-15,8.1575,2,12,350,2498.32,0,4,-9.49,-4.78,-1.96,32,14.36,AD2a,a,50,12,8.65013992760391,FALSE,8.1575
AD2,351,2022,2022-12-16,7.76083333333333,2,12,351,2498.32,0,4,-0.76,-3.12,-1.4,32,14.16,AD2a,a,50,12,8.39642815576534,FALSE,7.76083333333333
AD2,352,2022,2022-12-17,8.07958333333333,2,12,352,2498.32,0,4,-1.05,1.1,-1.07,32,13.99,AD2a,a,50,12,8.27782668346837,FALSE,8.07958333333333
AD2,353,2022,2022-12-18,7.99,2,12,353,2498.32,0,4,1.26,2.1,-0.82,32,13.84,AD2a,a,51,12,8.14375060323747,FALSE,7.99
AD2,354,2022,2022-12-19,8.3275,2,12,354,2498.32,0,4,7.5,6.38,1.49,32,13.72,AD2a,a,51,12,7.98204201056306,FALSE,8.3275
AD2,355,2022,2022-12-20,7.785,3,12,355,2498.32,0,4,5.44,8.47,4.48,32,13.63,AD2a,a,51,12,7.94242609869434,FALSE,7.785
AD2,356,2022,2022-12-21,7.68083333333333,3,12,356,2498.32,0,4,6.09,7.76,5.85,32,13.55,AD2a,a,51,12,7.87740734342801,FALSE,7.68083333333333
AD2,357,2022,2022-12-22,7.57194444444445,3,12,357,2498.32,0,4,1.23,5.66,6.3,32,13.45,AD2a,a,51,12,7.8741239842881,FALSE,7.57194444444445
AD2,358,2022,2022-12-23,7.13972222222222,3,12,358,2498.32,0,4,0.04,2.63,6.06,32,13.32,AD2a,a,51,12,7.8157824221971,FALSE,7.13972222222222
AD2,359,2022,2022-12-24,7.12222222222222,3,12,359,2498.32,0,4,5.44,4.74,5.65,32,13.21,AD2a,a,51,12,7.68956106493525,FALSE,7.12222222222222
AD2,360,2022,2022-12-25,8.14527777777778,3,12,360,2498.32,0,4,5.33,7.39,5.62,32,13.13,AD2a,a,52,12,7.6481206613026,FALSE,8.14527777777778
AD2,361,2022,2022-12-26,8.24194444444444,3,12,361,2498.32,0,4,2.33,5.83,4.87,32,13.03,AD2a,a,52,12,7.63790208705299,FALSE,8.24194444444444
AD2,362,2022,2022-12-27,7.27333333333333,3,12,362,2498.32,0,4,6.28,6.3,5.88,32,12.94,AD2a,a,52,12,7.54954948967248,FALSE,7.27333333333333
AD2,363,2022,2022-12-28,7.56277777777778,3,12,363,2498.32,0,4,7.34,8.81,7.34,32,12.87,AD2a,a,52,12,7.50770321877611,FALSE,7.56277777777778
AD2,364,2022,2022-12-29,7.62416666666667,3,12,364,2498.32,0,4,5.71,8.52,7.4,32,12.8,AD2a,a,52,12,7.50218012348549,FALSE,7.62416666666667
AD2,365,2022,2022-12-30,7.35194444444444,3,12,365,2498.32,0,4,7.51,8.61,7.83,32,12.74,AD2a,a,52,12,7.46039950376697,FALSE,7.35194444444444
AD2,94,2022,,,,,94,1374.08,0,2.2,2.46,4.39,5.56,32,8.47,AD2a,a,14,4,7.74490893531611,TRUE,7.74490893531611
AD2,95,2022,,,,,95,1374.08,0,2.2,4.09,5.27,4.99,32,8.43,AD2a,a,14,4,7.70235555470211,TRUE,7.70235555470211
AD2,96,2022,,,,,96,1374.08,0,2.2,4.7,6.4,5.29,32,8.41,AD2a,a,14,4,7.68011810081013,TRUE,7.68011810081013
AD2,97,2022,,,,,97,1374.08,0,2.2,5.21,6.95,5.75,32,8.41,AD2a,a,14,4,7.66688593263237,TRUE,7.66688593263237
AD2,98,2022,,,,,98,1374.08,0,2.2,7.87,8.54,6.87,32,8.43,AD2a,a,14,4,7.63491483031711,TRUE,7.63491483031711
AD2,99,2022,,,,,99,999.33,0,1.6,7.84,9.86,7.94,32,8.48,AD2a,a,14,4,7.64846433224876,TRUE,7.64846433224876
AD2,100,2022,,,,,100,999.33,0,1.6,9.08,10.46,8.94,32,8.54,AD2a,a,14,4,7.65009131216787,TRUE,7.65009131216787
AD2,101,2022,,,,,101,999.33,0,1.6,7.99,10.53,9.6,32,8.61,AD2a,a,15,4,7.6844011662533,TRUE,7.6844011662533
AD2,102,2022,,,,,102,999.33,0,1.6,6.06,9.02,9.77,32,8.63,AD2a,a,15,4,7.70694214768275,TRUE,7.70694214768275
AD2,103,2022,,,,,103,999.33,0,1.6,6.2,8.13,9.43,32,8.63,AD2a,a,15,4,7.69456928292082,TRUE,7.69456928292082
AD2,104,2022,,,,,104,999.33,0,1.6,7.13,8.66,9.29,32,8.66,AD2a,a,15,4,7.68496756140764,TRUE,7.68496756140764
AD2,105,2022,,,,,105,624.58,0,1,9.31,10.22,9.34,32,8.72,AD2a,a,15,4,7.67265934799286,TRUE,7.67265934799286
AD2,106,2022,,,,,106,624.58,0,1,9.72,11.52,9.68,32,8.82,AD2a,a,15,4,7.69966912597876,TRUE,7.69966912597876
AD2,107,2022,,,,,107,624.58,0,1,9.29,11.5,10.33,32,8.97,AD2a,a,15,4,7.75928822335435,TRUE,7.75928822335435
AD2,108,2022,,,,,108,624.58,0,1,9,11.15,10.89,32,9.15,AD2a,a,16,4,7.83084786503729,TRUE,7.83084786503729
AD2,109,2022,,,,,109,624.58,0,1,8.28,10.64,11.12,32,9.32,AD2a,a,16,4,7.90362803364232,TRUE,7.90362803364232
AD2,110,2022,,,,,110,624.58,0,1,10.38,11.33,11.34,32,9.5,AD2a,a,16,4,7.94650835697721,TRUE,7.94650835697721
AD2,111,2022,,,,,111,249.83,0,0.4,10.54,12.46,11.5,32,9.86,AD2a,a,16,4,8.09630930581854,TRUE,8.09630930581854
AD2,112,2022,,,,,112,249.83,0,0.4,12.31,13.43,12.11,32,10.36,AD2a,a,16,4,8.29241272806531,TRUE,8.29241272806531
AD2,113,2022,,,,,113,249.83,0,0.4,10.42,13.37,12.39,32,10.72,AD2a,a,16,4,8.47157058659386,TRUE,8.47157058659386
AD2,114,2022,,,,,114,249.83,0,0.4,9.25,11.83,12.58,32,10.87,AD2a,a,16,4,8.5457028112934,TRUE,8.5457028112934
AD2,115,2022,,,,,115,249.83,0,0.4,5.5,9.38,11.61,32,10.83,AD2a,a,17,4,8.56302605630483,TRUE,8.56302605630483
AD2,116,2022,,,,,116,249.83,0,0.4,4.63,7.07,10.42,32,10.74,AD2a,a,17,4,8.52043583108822,TRUE,8.52043583108822
AD2,117,2022,,,,,117,249.83,0,0.4,4.45,6.54,8.85,32,10.68,AD2a,a,17,4,8.48267739359599,TRUE,8.48267739359599
AD2,118,2022,,,,,118,249.83,0,0.4,6.01,7.23,7.97,32,10.63,AD2a,a,17,4,8.42744818562852,TRUE,8.42744818562852
AD2,119,2022,,,,,119,249.83,0,0.4,6.65,8.33,7.45,32,10.64,AD2a,a,17,4,8.41199638670992,TRUE,8.41199638670992
AD2,120,2022,,,,,120,249.83,0,0.4,5.94,8.3,7.54,32,10.65,AD2a,a,17,4,8.41299532968437,TRUE,8.41299532968437
AD2,121,2022,,,,,121,249.83,0,0.4,9.78,9.86,8.57,32,10.75,AD2a,a,17,5,8.40183324352316,TRUE,8.40183324352316
AD2,122,2022,,,,,122,249.83,0,0.4,6.32,10.05,8.94,32,10.87,AD2a,a,18,5,8.49139287196756,TRUE,8.49139287196756
AD2,123,2022,,,,,123,249.83,0,0.4,6.07,8.19,8.95,32,10.89,AD2a,a,18,5,8.49184619409749,TRUE,8.49184619409749
AD2,124,2022,,,,,124,249.83,0,0.4,6.47,8.27,8.92,32,10.83,AD2a,a,18,5,8.44372733220155,TRUE,8.44372733220155
AD2,125,2022,,,,,125,249.83,0,0.4,7.2,8.83,9.17,32,10.79,AD2a,a,18,5,8.4009218109158,TRUE,8.4009218109158
AD2,126,2022,,,,,126,249.83,0,0.4,6.45,8.82,8.5,32,10.7,AD2a,a,18,5,8.35009235640413,TRUE,8.35009235640413
AD2,127,2022,,,,,127,249.83,0,0.4,9.74,10.09,9.18,32,10.77,AD2a,a,18,5,8.33115974259806,TRUE,8.33115974259806
AD2,128,2022,,,,,128,249.83,0,0.4,11.3,12.52,10.23,32,11.14,AD2a,a,18,5,8.49088390003023,TRUE,8.49088390003023
AD2,129,2022,,,,,129,249.83,0,0.4,13.62,14.46,11.66,32,11.62,AD2a,a,19,5,8.70242053293782,TRUE,8.70242053293782
AD2,130,2022,,,,,130,249.83,0,0.4,13.02,15.32,12.82,32,12.05,AD2a,a,19,5,8.92775553415845,TRUE,8.92775553415845
AD2,131,2022,,,,,131,249.83,0,0.4,11.47,14.25,13.83,32,12.32,AD2a,a,19,5,9.08282702959783,TRUE,9.08282702959783
AD2,132,2022,,,,,132,249.83,0,0.4,14.87,15.17,14.86,32,12.73,AD2a,a,19,5,9.25504304687247,TRUE,9.25504304687247
AD2,133,2022,,,,,133,249.83,0,0.4,13.88,16.37,15.37,32,13.31,AD2a,a,19,5,9.57847700578194,TRUE,9.57847700578194
AD2,134,2022,,,,,134,249.83,0,0.4,14.21,16.04,15.49,32,13.79,AD2a,a,19,5,9.83610689416688,TRUE,9.83610689416688
AD2,135,2022,,,,,135,249.83,0,0.4,13.11,15.66,15.51,32,14.17,AD2a,a,19,5,10.0605394337478,TRUE,10.0605394337478
AD2,136,2022,,,,,136,249.83,0,0.4,8.9,13.01,14.99,32,14.27,AD2a,a,20,5,10.1698817059154,TRUE,10.1698817059154
AD2,137,2022,,,,,137,249.83,0,0.4,7.56,10.23,13.53,32,14.16,AD2a,a,20,5,10.1255791115059,TRUE,10.1255791115059
AD2,138,2022,,,,,138,249.83,0,0.4,9.98,10.77,12.75,32,14.18,AD2a,a,20,5,10.1080795000032,TRUE,10.1080795000032
AD2,139,2022,,,,,139,249.83,0,0.4,10.85,12.42,12.08,32,14.32,AD2a,a,20,5,10.1793463812348,TRUE,10.1793463812348
AD2,140,2022,,,,,140,249.83,0,0.4,12,13.43,11.86,32,14.51,AD2a,a,20,5,10.277846910857,TRUE,10.277846910857
AD2,141,2022,,,,,141,249.83,0,0.4,15.38,15.69,13.15,32,14.84,AD2a,a,20,5,10.4333379368391,TRUE,10.4333379368391
AD2,142,2022,,,,,142,249.83,0,0.4,16.85,18.11,15.01,32,15.23,AD2a,a,20,5,10.6518102982193,TRUE,10.6518102982193
AD2,143,2022,,,,,143,249.83,0,0.4,10.74,15.8,15.17,32,15.35,AD2a,a,21,5,10.8063441875119,TRUE,10.8063441875119
AD2,144,2022,,,,,144,249.83,0,0.4,12.38,13.56,15.47,32,15.42,AD2a,a,21,5,10.8361316658873,TRUE,10.8361316658873
AD2,145,2022,,,,,145,249.83,0,0.4,10.91,13.64,15.25,32,15.62,AD2a,a,21,5,10.9847606422318,TRUE,10.9847606422318
AD2,146,2022,,,,,146,249.83,0,0.4,10.25,12.58,14.23,32,15.74,AD2a,a,21,5,11.07633198177,TRUE,11.07633198177
AD2,147,2022,,,,,147,249.83,0,0.4,10.42,12.33,12.94,32,15.81,AD2a,a,21,5,11.127927475949,TRUE,11.127927475949
AD2,148,2022,,,,,148,437.21,0,0.7,11.12,12.77,13.01,32,20.04,AD2a,a,21,5,13.7914080100561,TRUE,13.7914080100561
AD2,149,2022,,,,,149,437.21,0,0.7,10.62,12.87,12.66,32,22.46,AD2a,a,21,5,15.3703205357017,TRUE,15.3703205357017
AD2,150,2022,,,,,150,437.21,0,0.7,14.59,14.61,13.4,32,22.25,AD2a,a,22,5,15.2369668939091,TRUE,15.2369668939091
AD2,151,2022,,,,,151,437.21,0,0.7,12.2,15.39,13.79,32,22.08,AD2a,a,22,5,15.2059851912749,TRUE,15.2059851912749
AD2,152,2022,,,,,152,437.21,0,0.7,13.14,14.67,14.33,32,21.9,AD2a,a,22,6,15.1255540550692,TRUE,15.1255540550692
AD2,153,2022,,,,,153,437.21,0,0.7,12.97,15.05,14.7,32,21.76,AD2a,a,22,6,15.0833344967787,TRUE,15.0833344967787
AD2,154,2022,,,,,154,437.21,0,0.7,11.97,14.47,14.97,32,21.6,AD2a,a,22,6,15.0366377313375,TRUE,15.0366377313375
AD2,155,2022,,,,,155,437.21,0,0.7,11.54,13.76,14.36,32,21.39,AD2a,a,22,6,14.9475981068597,TRUE,14.9475981068597
AD2,156,2022,,,,,156,749.5,0,1.2,12.51,14.02,14.43,32,23.91,AD2a,a,22,6,16.6894513963881,TRUE,16.6894513963881
AD2,157,2022,,,,,157,749.5,0,1.2,12.54,14.53,14.31,32,25.45,AD2a,a,23,6,17.8042579064186,TRUE,17.8042579064186
AD2,158,2022,,,,,158,749.5,0,1.2,13.63,15.09,14.44,32,25.24,AD2a,a,23,6,17.717407886438,TRUE,17.717407886438
AD2,159,2022,,,,,159,749.5,0,1.2,13.34,15.48,14.71,32,25.05,AD2a,a,23,6,17.659238616263,TRUE,17.659238616263
AD2,160,2022,,,,,160,749.5,0,1.2,15.15,16.24,15.43,32,24.9,AD2a,a,23,6,17.601113641231,TRUE,17.601113641231
AD2,161,2022,,,,,161,1258.76,0,2.02,16.84,18,16.3,32,26.55,AD2a,a,23,6,18.8199033658717,TRUE,18.8199033658717
AD2,162,2022,,,,,162,1258.76,0,2.02,16.85,18.85,17.16,32,27.59,AD2a,a,23,6,19.6441981024589,TRUE,19.6441981024589
AD2,163,2022,,,,,163,1258.76,0,2.02,17.7,19.27,17.98,32,27.49,AD2a,a,23,6,19.6483250723763,TRUE,19.6483250723763
AD2,164,2022,,,,,164,1258.76,0,2.02,17.02,19.36,18.71,32,27.4,AD2a,a,24,6,19.6776601569071,TRUE,19.6776601569071
AD2,165,2022,,,,,165,1258.76,0,2.02,17.75,19.39,19.23,32,27.32,AD2a,a,24,6,19.6960061336074,TRUE,19.6960061336074
AD2,166,2022,,,,,166,1258.76,0,2.02,16.49,19.12,19.16,32,27.21,AD2a,a,24,6,19.7159100255856,TRUE,19.7159100255856
AD2,167,2022,,,,,167,1258.76,0,2.02,18.22,19.36,19.44,32,27.1,AD2a,a,24,6,19.6976135549276,TRUE,19.6976135549276
AD2,168,2022,,,,,168,1258.76,0,2.02,17.58,19.9,19.41,32,27.01,AD2a,a,24,6,19.7224783127553,TRUE,19.7224783127553
AD2,169,2022,,,,,169,1258.76,0,2.02,17.98,19.78,19.6,32,26.92,AD2a,a,24,6,19.7334669828107,TRUE,19.7334669828107
AD2,170,2022,,,,,170,1258.76,0,2.02,17.29,19.63,19.51,32,26.82,AD2a,a,24,6,19.74921774402,TRUE,19.74921774402
AD2,171,2022,,,,,171,1258.76,0,2.02,19.44,20.36,20.1,32,26.73,AD2a,a,25,6,19.7363924695023,TRUE,19.7363924695023
AD2,172,2022,,,,,172,1258.76,0,2.02,17.84,20.64,20.02,32,26.64,AD2a,a,25,6,19.7688578644409,TRUE,19.7688578644409
AD2,173,2022,,,,,173,1258.76,0,2.02,18.52,20.18,20.21,32,26.56,AD2a,a,25,6,19.7798880049404,TRUE,19.7798880049404
AD2,174,2022,,,,,174,1258.76,0,2.02,16.29,19.4,19.87,32,26.48,AD2a,a,25,6,19.8259041035873,TRUE,19.8259041035873
AD2,175,2022,,,,,175,1258.76,0,2.02,17.15,18.72,19.85,32,26.39,AD2a,a,25,6,19.8246646811897,TRUE,19.8246646811897
AD2,176,2022,,,,,176,1258.76,0,2.02,18.97,20.06,19.75,32,26.31,AD2a,a,25,6,19.8184454609948,TRUE,19.8184454609948
AD2,177,2022,,,,,177,1258.76,0,2.02,17.87,20.42,19.76,32,26.22,AD2a,a,25,6,19.8391260333881,TRUE,19.8391260333881
AD2,178,2022,,,,,178,1258.76,0,2.02,15.09,18.48,19.07,32,26.12,AD2a,a,26,6,19.8711496925487,TRUE,19.8711496925487
AD2,179,2022,,,,,179,1258.76,0,2.02,16.27,17.68,19.07,32,26.02,AD2a,a,26,6,19.8528161606897,TRUE,19.8528161606897
AD2,180,2022,,,,,180,1258.76,0,2.02,18.19,19.23,19.28,32,25.92,AD2a,a,26,6,19.8239304746757,TRUE,19.8239304746757
AD2,181,2022,,,,,181,1258.76,0,2.02,15.48,18.83,18.58,32,25.82,AD2a,a,26,6,19.8508896742281,TRUE,19.8508896742281
AD2,182,2022,,,,,182,1258.76,0,2.02,16.29,17.89,18.26,32,25.69,AD2a,a,26,7,19.8074522285322,TRUE,19.8074522285322
AD2,183,2022,,,,,183,1258.76,0,2.02,16.27,18.28,18.5,32,25.58,AD2a,a,26,7,19.7895077678862,TRUE,19.7895077678862
AD2,184,2022,,,,,184,1258.76,0,2.02,17.91,19.09,18.83,32,25.51,AD2a,a,26,7,19.7838526448766,TRUE,19.7838526448766
AD2,185,2022,,,,,185,1258.76,0,2.02,14.68,18.3,18.13,32,25.41,AD2a,a,27,7,19.8113178433604,TRUE,19.8113178433604
AD2,186,2022,,,,,186,1258.76,0,2.02,13.77,16.22,17.78,32,25.27,AD2a,a,27,7,19.7736282164964,TRUE,19.7736282164964
AD2,187,2022,,,,,187,1258.76,0,2.02,13.79,15.78,17.28,32,25.14,AD2a,a,27,7,19.7311917089856,TRUE,19.7311917089856
AD2,188,2022,,,,,188,1258.76,0,2.02,15.79,16.79,17.19,32,25.02,AD2a,a,27,7,19.6712054497357,TRUE,19.6712054497357
AD2,189,2022,,,,,189,1258.76,0,2.02,14.52,17.16,16.51,32,24.92,AD2a,a,27,7,19.6677206694769,TRUE,19.6677206694769
AD2,190,2022,,,,,190,1258.76,0,2.02,14.11,16.32,16.4,32,24.79,AD2a,a,27,7,19.6250335020667,TRUE,19.6250335020667
AD2,191,2022,,,,,191,1258.76,0,2.02,13.88,16,16.42,32,24.67,AD2a,a,27,7,19.5872182111439,TRUE,19.5872182111439
AD2,192,2022,,,,,192,1258.76,0,2.02,15.23,16.55,16.71,32,24.58,AD2a,a,28,7,19.5554048676247,TRUE,19.5554048676247
AD2,193,2022,,,,,193,1258.76,0,2.02,17.42,18.32,17.03,32,24.5,AD2a,a,28,7,19.5209271301775,TRUE,19.5209271301775
AD2,194,2022,,,,,194,1258.76,0,2.02,16.97,19.2,17.52,32,24.44,AD2a,a,28,7,19.5362671636751,TRUE,19.5362671636751
AD2,195,2022,,,,,195,1308.08,0,2.09,13.52,17.25,17.41,32,24.5,AD2a,a,28,7,19.699488472138,TRUE,19.699488472138
AD2,196,2022,,,,,196,1308.08,0,2.09,13.42,15.47,17.31,32,24.51,AD2a,a,28,7,19.7747503880366,TRUE,19.7747503880366
AD2,197,2022,,,,,197,1308.08,0,2.09,13.69,15.56,17.01,32,24.4,AD2a,a,28,7,19.7317740161575,TRUE,19.7317740161575
AD2,198,2022,,,,,198,1308.08,0,2.09,15.4,16.55,16.6,32,24.3,AD2a,a,28,7,19.6787175320805,TRUE,19.6787175320805
AD2,199,2022,,,,,199,1308.08,0,2.09,18.91,19.15,16.99,32,24.23,AD2a,a,29,7,19.6304651570115,TRUE,19.6304651570115
AD2,200,2022,,,,,200,1308.08,0,2.09,20.91,21.91,18.47,32,24.21,AD2a,a,29,7,19.6477916823075,TRUE,19.6477916823075
AD2,201,2022,,,,,201,1308.08,0,2.09,24.39,24.65,20.66,32,24.26,AD2a,a,29,7,19.7140455427244,TRUE,19.7140455427244
AD2,202,2022,,,,,202,1407.29,0,2.25,17.08,22.73,21.34,32,24.55,AD2a,a,29,7,20.1482617874037,TRUE,20.1482617874037
AD2,205,2022,,,,,205,1407.3,0,2.25,15.73,16.54,18.95,32,24.44,AD2a,a,29,7,20.2398691691031,TRUE,20.2398691691031
AD2,206,2022,,,,,206,1407.3,0,2.25,18.45,19.09,17.77,32,24.35,AD2a,a,30,7,20.1758888652265,TRUE,20.1758888652265
AD2,207,2022,,,,,207,1407.3,0,2.25,13.95,18.2,17.14,32,24.26,AD2a,a,30,7,20.1995796493989,TRUE,20.1995796493989
AD2,208,2022,,,,,208,1407.3,0,2.25,13.12,15.53,16.92,32,24.14,AD2a,a,30,7,20.1458666977264,TRUE,20.1458666977264
AD2,209,2022,,,,,209,1407.3,0,2.25,13.47,15.3,16.94,32,24.02,AD2a,a,30,7,20.0755701345213,TRUE,20.0755701345213
AD2,210,2022,,,,,210,1407.3,0,2.25,14.84,16.15,16.77,32,23.93,AD2a,a,30,7,20.021402454866,TRUE,20.021402454866
AD2,211,2022,,,,,211,1407.3,0,2.25,16.66,17.75,16.41,32,23.85,AD2a,a,30,7,19.9703310068654,TRUE,19.9703310068654
AD2,212,2022,,,,,212,1407.3,0,2.25,16.61,18.63,16.94,32,23.75,AD2a,a,30,7,19.9201403689778,TRUE,19.9201403689778
AD2,213,2022,,,,,213,1407.3,0,2.25,14.68,17.64,17.25,32,23.67,AD2a,a,31,8,19.9122750424154,TRUE,19.9122750424154
AD2,214,2022,,,,,214,1407.3,0,2.25,13.9,16.29,17.34,32,23.58,AD2a,a,31,8,19.8781795946298,TRUE,19.8781795946298
AD2,215,2022,,,,,215,1407.3,0,2.25,19.31,18.61,18.23,32,23.5,AD2a,a,31,8,19.776405639322,TRUE,19.776405639322
AD2,216,2022,,,,,216,1484.32,0,2.38,19.41,21.36,18.78,32,23.7,AD2a,a,31,8,20.0350967562242,TRUE,20.0350967562242
AD2,217,2022,,,,,217,1484.32,0,2.38,14.27,18.84,18.32,32,23.84,AD2a,a,31,8,20.2962783412508,TRUE,20.2962783412508
AD2,218,2022,,,,,218,1484.32,0,2.38,13.05,15.66,17.99,32,23.74,AD2a,a,31,8,20.2531913427733,TRUE,20.2531913427733
AD2,219,2022,,,,,219,1484.32,0,2.38,13.67,15.36,17.95,32,23.62,AD2a,a,31,8,20.1640711189254,TRUE,20.1640711189254
AD2,220,2022,,,,,220,1484.32,0,2.38,15.83,16.75,17.25,32,23.53,AD2a,a,32,8,20.0863014259431,TRUE,20.0863014259431
AD2,221,2022,,,,,221,1484.32,0,2.38,15.94,17.89,16.55,32,23.46,AD2a,a,32,8,20.0539088631067,TRUE,20.0539088631067
AD2,222,2022,,,,,222,1484.32,0,2.38,16.58,18.26,17.01,32,23.4,AD2a,a,32,8,20.0243928397129,TRUE,20.0243928397129
AD2,223,2022,,,,,223,1610.45,0,2.58,19.11,19.85,18.23,32,23.73,AD2a,a,32,8,20.3971975932209,TRUE,20.3971975932209
AD2,224,2022,,,,,224,1610.45,0,2.58,20.58,21.85,19.61,32,24.04,AD2a,a,32,8,20.7636159464021,TRUE,20.7636159464021
AD2,225,2022,,,,,225,1610.45,0,2.58,21.35,22.97,20.71,32,24.06,AD2a,a,32,8,20.8204885470978,TRUE,20.8204885470978
AD2,226,2022,,,,,226,1610.45,0,2.58,22,23.68,21.93,32,24.07,AD2a,a,32,8,20.8670845137455,TRUE,20.8670845137455
AD2,227,2022,,,,,227,1610.45,0,2.58,22.12,24.06,23.03,32,24.09,AD2a,a,33,8,20.9306000461768,TRUE,20.9306000461768
AD2,228,2022,,,,,228,1610.45,0,2.58,21.3,23.71,23.47,32,24.11,AD2a,a,33,8,21.0050351858595,TRUE,21.0050351858595
AD2,229,2022,,,,,229,1610.45,0,2.58,19.47,22.38,23.25,32,24.1,AD2a,a,33,8,21.0575224884462,TRUE,21.0575224884462
AD2,230,2022,,,,,230,1686.79,0,2.7,16.87,20.17,22.35,32,24.25,AD2a,a,33,8,21.2990260235645,TRUE,21.2990260235645
AD2,231,2022,,,,,231,1686.79,0,2.7,17.62,19.25,21.48,32,24.35,AD2a,a,33,8,21.4428433370278,TRUE,21.4428433370278
AD2,232,2022,,,,,232,1686.79,0,2.7,17.23,19.43,20.5,32,24.3,AD2a,a,33,8,21.4301063860958,TRUE,21.4301063860958
AD2,233,2022,,,,,233,1686.79,0,2.7,15.1,18.16,19.26,32,24.24,AD2a,a,33,8,21.4260505967028,TRUE,21.4260505967028
AD2,234,2022,,,,,234,1686.79,0,2.7,14.71,16.91,18.31,32,24.15,AD2a,a,34,8,21.3645990603248,TRUE,21.3645990603248
AD2,328,2022,,,,,328,2498.32,0,4,6.34,7.57,4.12,32,17.89,AD2a,a,47,11,12.2542199144318,TRUE,12.2542199144318
AD2,329,2022,,,,,329,2498.32,0,4,6.55,8.45,5.65,32,17.76,AD2a,a,47,11,12.070083401294,TRUE,12.070083401294
AD2,330,2022,,,,,330,2498.32,0,4,6.03,8.29,7.02,32,17.63,AD2a,a,47,11,11.8969253673996,TRUE,11.8969253673996
AD2,331,2022,,,,,331,2498.32,0,4,5.95,7.99,7.93,32,17.51,AD2a,a,47,11,11.7291037933733,TRUE,11.7291037933733
AD2,332,2022,,,,,332,2498.32,0,4,5.3,7.62,8.03,32,17.38,AD2a,a,48,11,11.5615957801019,TRUE,11.5615957801019
AD2,333,2022,,,,,333,2498.32,0,4,4.03,6.66,7.57,32,17.25,AD2a,a,48,11,11.4039711419675,TRUE,11.4039711419675
AD2,334,2022,,,,,334,2498.32,0,4,3.88,5.95,7.04,32,17.11,AD2a,a,48,11,11.226438445037,TRUE,11.226438445037
AD2,335,2022,,,,,335,2498.32,0,4,3.05,5.47,6.44,32,16.97,AD2a,a,48,12,11.05997613005,TRUE,11.05997613005
AD2,336,2022,,,,,336,2498.32,0,4,2.93,4.99,5.84,32,16.83,AD2a,a,48,12,10.8874928019196,TRUE,10.8874928019196
AD2,337,2022,,,,,337,2498.32,0,4,1.87,4.4,5.15,32,16.68,AD2a,a,48,12,10.7215358574811,TRUE,10.7215358574811
AD2,338,2022,,,,,338,2498.32,0,4,2.51,4.19,4.85,32,16.52,AD2a,a,48,12,10.5299718242572,TRUE,10.5299718242572
AD3,1,2024,2023-12-31,13.2361111111111,3,12,366,1033.2,0,3.1,5.48,7.46,8.11,30,14.35,AD3a,a,1,1,12.9800161049364,FALSE,13.2361111111111
AD3,2,2024,2024-01-01,13.1672222222222,3,12,367,1033.2,0,3.1,4.3,6.89,7.34,30,14.22,AD3a,a,1,1,12.8474395841814,FALSE,13.1672222222222
AD3,3,2024,2024-01-02,12.9294444444444,3,12,368,1033.2,0,3.1,1.82,5.06,6.29,30,14.08,AD3a,a,1,1,12.7169389116513,FALSE,12.9294444444444
AD3,4,2024,2024-01-03,12.6836111111111,3,12,369,1033.2,0,3.1,-2.49,1.66,4.91,30,13.89,AD3a,a,1,1,12.529519861587,FALSE,12.6836111111111
AD3,5,2024,2024-01-04,12.9019444444444,3,12,370,1033.2,0,3.1,-3.95,-1.22,3.03,30,13.66,AD3a,a,1,1,12.2453094762778,FALSE,12.9019444444444
AD3,6,2024,2024-01-05,13.1494444444444,3,12,371,1099.86,0,3.3,-2.87,-1.41,1.36,30,13.97,AD3a,a,1,1,12.811509021027,FALSE,13.1494444444444
AD3,7,2024,2024-01-06,13.1233333333333,3,12,372,1099.86,0,3.3,-5.43,-2.15,-0.58,30,14.2,AD3a,a,1,1,13.2863922028542,FALSE,13.1233333333333
AD3,8,2024,2024-01-07,12.7180555555556,3,12,373,1099.86,0,3.3,-4.63,-3.03,-1.87,30,13.95,AD3a,a,2,1,12.9452308812683,FALSE,12.7180555555556
AD3,9,2024,2024-01-08,12.4725,3,12,374,1099.86,0,3.3,-4.52,-2.57,-2.28,30,13.71,AD3a,a,2,1,12.6336219710632,FALSE,12.4725
AD3,10,2024,2024-01-09,12.1636111111111,3,12,375,1099.86,0,3.3,-0.02,-0.27,-1.5,30,13.49,AD3a,a,2,1,12.3041668504752,FALSE,12.1636111111111
AD3,11,2024,2024-01-10,11.8816666666667,3,12,376,1106.8,0,3.32,0.49,2.24,-0.82,30,13.37,AD3a,a,2,1,12.1853685371513,FALSE,11.8816666666667
AD3,12,2024,2024-01-11,12.0558333333333,3,12,377,1106.8,0,3.32,0.97,2.73,0.46,30,13.25,AD3a,a,2,1,12.0691121926199,FALSE,12.0558333333333
AD3,13,2024,2024-01-12,12.1663888888889,3,12,378,1106.8,0,3.32,3.27,4.12,2.04,30,13.1,AD3a,a,2,1,11.8860599408584,FALSE,12.1663888888889
AD3,14,2024,2024-01-13,12.1969444444444,3,12,379,1106.8,0,3.32,2.26,4.76,3.39,30,12.96,AD3a,a,2,1,11.7620877073531,FALSE,12.1969444444444
AD3,15,2024,2024-01-14,12.0694444444444,3,12,380,1106.8,0,3.32,-1.55,2.35,3.09,30,12.8,AD3a,a,3,1,11.644746150696,FALSE,12.0694444444444
AD3,16,2024,2024-01-15,11.9177777777778,3,12,381,1106.8,0,3.32,-3.31,-0.43,2.33,30,12.61,AD3a,a,3,1,11.4594997291647,FALSE,11.9177777777778
AD3,17,2024,2024-01-16,11.7613888888889,3,12,382,1166.52,0,3.5,-0.91,-0.11,1.95,30,12.9,AD3a,a,3,1,11.9489722973405,FALSE,11.7613888888889
AD3,18,2024,2024-01-17,11.82,3,12,383,1173.52,0,3.52,-2.43,0.33,0.81,30,13.19,AD3a,a,3,1,12.4803963690949,FALSE,11.82
AD3,19,2024,2024-01-18,12.2011111111111,3,12,384,1173.52,0,3.52,0.54,1.06,0.47,30,13.06,AD3a,a,3,1,12.32625162007,FALSE,12.2011111111111
AD3,20,2024,2024-01-19,12.2991666666667,3,12,385,1173.52,0,3.52,3.74,4.14,1.53,30,12.92,AD3a,a,3,1,12.1567684856226,FALSE,12.2991666666667
AD3,21,2024,2024-01-20,12.0819444444444,3,12,386,1173.52,0,3.52,2.24,4.99,2.64,30,12.79,AD3a,a,3,1,12.0624885025725,FALSE,12.0819444444444
AD3,22,2024,2024-01-21,11.9469444444444,3,12,387,1173.52,0,3.52,6.42,6.33,4.1,30,12.68,AD3a,a,4,1,11.9292387660507,FALSE,11.9469444444444
AD3,23,2024,2024-01-22,12.0966666666667,3,12,388,1173.52,0,3.52,5.76,8.09,5.74,30,12.6,AD3a,a,4,1,11.9009359755754,FALSE,12.0966666666667
AD3,24,2024,2024-01-23,11.6513888888889,3,12,389,1173.52,0,3.52,7.89,8.83,7.21,30,12.52,AD3a,a,4,1,11.8392769902635,FALSE,11.6513888888889
AD3,25,2024,2024-01-24,11.8369444444444,3,12,390,1180.47,0,3.54,5.86,8.88,7.64,30,12.51,AD3a,a,4,1,11.9298509557137,FALSE,11.8369444444444
AD3,26,2024,2024-01-25,12.065,3,12,391,1180.47,0,3.54,5.97,7.92,8.38,30,12.48,AD3a,a,4,1,11.9654116555945,FALSE,12.065
AD3,27,2024,2024-01-26,12.2608333333333,3,12,392,1180.47,0,3.54,4.92,7.44,8.08,30,12.4,AD3a,a,4,1,11.9452617898098,FALSE,12.2608333333333
AD3,28,2024,2024-01-27,11.9355555555556,3,12,393,1180.47,0,3.54,3.79,6.36,7.69,30,12.31,AD3a,a,4,1,11.913268401205,FALSE,11.9355555555556
AD3,29,2024,2024-01-28,12.1625,3,12,394,1180.47,0,3.54,4.52,6.16,7.01,30,12.22,AD3a,a,5,1,11.8595574019111,FALSE,12.1625
AD3,30,2024,2024-01-29,11.8238888888889,3,12,395,1180.47,0,3.54,6.13,7.33,7.07,30,12.14,AD3a,a,5,1,11.8099752729762,FALSE,11.8238888888889
AD3,31,2024,2024-01-30,12.0752777777778,3,12,396,1180.47,0,3.54,4.85,7.49,6.84,30,12.06,AD3a,a,5,1,11.7971996902398,FALSE,12.0752777777778
AD3,32,2024,2024-01-31,11.7227777777778,3,12,397,1187.39,0,3.56,5.23,7.04,6.91,30,12.03,AD3a,a,5,2,11.8326773411403,FALSE,11.7227777777778
AD3,33,2024,2024-02-01,12.6675,3,12,398,1187.39,0,3.56,6.23,7.73,7.39,30,12.01,AD3a,a,5,2,11.8740134360044,FALSE,12.6675
AD3,34,2024,2024-02-02,12.2966666666667,3,12,399,1187.39,0,3.56,7.11,8.67,7.91,30,11.94,AD3a,a,5,2,11.8499369484785,FALSE,12.2966666666667
AD3,35,2024,2024-02-03,12.5158333333333,3,12,400,1233.18,0,3.7,6.45,8.78,7.97,30,12.24,AD3a,a,5,2,12.3363672083082,FALSE,12.5158333333333
AD3,36,2024,2024-02-04,12.3713888888889,3,12,401,1233.18,0,3.7,6.22,8.34,8.25,30,12.48,AD3a,a,6,2,12.7323113692222,FALSE,12.3713888888889
AD3,37,2024,2024-02-05,12.2222222222222,3,12,402,1233.18,0,3.7,6.38,8.3,8.48,30,12.41,AD3a,a,6,2,12.7132015440849,FALSE,12.2222222222222
AD3,38,2024,2024-02-06,12.1919444444444,3,12,403,1233.18,0,3.7,2.14,6.26,7.66,30,12.32,AD3a,a,6,2,12.7233832283731,FALSE,12.1919444444444
AD3,39,2024,2024-02-07,12.0069444444444,3,12,404,1240.15,0,3.72,0.36,3.25,6.31,30,12.26,AD3a,a,6,2,12.742986546388,FALSE,12.0069444444444
AD3,40,2024,2024-02-08,12.3288888888889,3,12,405,1240.16,0,3.72,0.21,2.28,5.06,30,12.18,AD3a,a,6,2,12.7174637072491,FALSE,12.3288888888889
AD3,41,2024,2024-02-09,12.2641666666667,3,12,406,1240.16,0,3.72,1.76,2.98,4.17,30,12.05,AD3a,a,6,2,12.6083835311428,FALSE,12.2641666666667
AD3,42,2024,2024-02-10,11.9563888888889,3,12,407,1240.16,0,3.72,2.08,3.92,3.31,30,11.93,AD3a,a,6,2,12.5290040900891,FALSE,11.9563888888889
AD3,43,2024,2024-02-11,12.6183333333333,3,12,408,1240.16,0,3.72,3.76,4.92,3.63,30,11.82,AD3a,a,7,2,12.4469993113276,FALSE,12.6183333333333
AD3,44,2024,2024-02-12,12.1930555555556,3,12,409,1240.16,0,3.72,5.05,6.4,4.57,30,11.73,AD3a,a,7,2,12.3961539617435,FALSE,12.1930555555556
AD3,45,2024,2024-02-13,12.1216666666667,3,12,410,1240.16,0,3.72,5.21,7.13,5.57,30,11.65,AD3a,a,7,2,12.3727249959293,FALSE,12.1216666666667
AD3,46,2024,2024-02-14,12.1347222222222,3,12,411,1247.12,0,3.74,8.34,8.78,6.89,30,11.64,AD3a,a,7,2,12.3992311686747,FALSE,12.1347222222222
AD3,47,2024,2024-02-15,12.5825,3,12,412,1247.12,0,3.74,8.86,10.6,8.24,30,11.66,AD3a,a,7,2,12.4941632430304,FALSE,12.5825
AD3,48,2024,2024-02-16,12.9986111111111,3,12,413,1247.12,0,3.74,5.52,9.19,8.6,30,11.61,AD3a,a,7,2,12.551437446902,FALSE,12.9986111111111
AD3,49,2024,2024-02-17,12.9286111111111,3,12,414,1247.12,0,3.74,5.84,7.68,8.76,30,11.55,AD3a,a,7,2,12.5518111575977,FALSE,12.9286111111111
AD3,50,2024,2024-02-18,12.88,3,12,415,1247.12,0,3.74,6.19,8.02,8.95,30,11.49,AD3a,a,8,2,12.5523341831094,FALSE,12.88
AD3,51,2024,2024-02-19,12.6966666666667,3,12,416,1247.12,0,3.74,6.53,8.36,8.59,30,11.44,AD3a,a,8,2,12.5653063123557,FALSE,12.6966666666667
AD3,52,2024,2024-02-20,12.8347222222222,3,12,417,1247.12,0,3.74,7.03,8.78,8.22,30,11.4,AD3a,a,8,2,12.5883581493977,FALSE,12.8347222222222
AD3,53,2024,2024-02-21,12.7016666666667,3,12,418,1254.04,0,3.76,7.72,9.37,8.66,30,11.41,AD3a,a,8,2,12.6674277733742,FALSE,12.7016666666667
AD3,54,2024,2024-02-22,13.0219444444444,3,12,419,1254.04,0,3.76,5.65,8.68,8.62,30,11.41,AD3a,a,8,2,12.768372534583,FALSE,13.0219444444444
AD3,55,2024,2024-02-23,13.08125,4,12,420,1254.04,0,3.76,4.37,7.01,8.26,30,11.35,AD3a,a,8,2,12.7901698730845,FALSE,13.08125
AD3,56,2024,2024-02-24,12.7691666666667,4,12,421,1254.04,0,3.76,3.41,5.89,7.63,30,11.27,AD3a,a,8,2,12.785702097928,FALSE,12.7691666666667
AD3,57,2024,2024-02-25,12.47125,4,12,422,1254.04,0,3.76,3.55,5.48,6.94,30,11.19,AD3a,a,9,2,12.7684266493967,FALSE,12.47125
AD3,58,2024,2024-02-26,12.3514583333333,4,12,423,1254.04,0,3.76,0.6,4.08,5.52,30,11.09,AD3a,a,9,2,12.7677048322111,FALSE,12.3514583333333
AD3,59,2024,2024-02-27,12.2885416666667,4,12,424,833.23,0,2.5,4.32,4.46,5.25,30,10.98,AD3a,a,9,2,12.6744475368755,FALSE,12.2885416666667
AD3,60,2024,2024-02-28,12.0347916666667,4,12,425,840.17,0,2.52,5.73,7.03,5.52,30,10.97,AD3a,a,9,2,12.7216149377701,FALSE,12.0347916666667
AD3,61,2024,2024-02-29,13.2310416666667,4,12,426,840.17,0,2.52,5.54,7.64,5.95,30,10.96,AD3a,a,9,3,12.7881807799023,FALSE,13.2310416666667
AD3,62,2024,2024-03-01,12.6452083333333,4,12,427,840.17,0,2.52,6.92,8.23,6.62,30,10.89,AD3a,a,9,3,12.7695454681218,FALSE,12.6452083333333
AD3,63,2024,2024-03-02,12.73875,4,12,428,840.17,0,2.52,6.83,8.87,7.87,30,10.84,AD3a,a,9,3,12.7912970483675,FALSE,12.73875
AD3,64,2024,2024-03-03,12.8539583333333,4,12,429,847.12,0,2.54,5.71,8.27,8.15,30,10.86,AD3a,a,10,3,12.9011990385895,FALSE,12.8539583333333
AD3,65,2024,2024-03-04,12.6470833333333,4,12,430,847.12,0,2.54,2.76,6.23,7.55,30,10.85,AD3a,a,10,3,13.0008802591708,FALSE,12.6470833333333
AD3,86,2024,2024-03-25,17.0741666666667,2,12,451,826.56,0,2.48,5.51,7.04,7.69,30,13.68,AD3a,a,13,3,16.969720902898,FALSE,17.0741666666667
AD3,87,2024,2024-03-26,16.3025,2,12,452,833.49,0,2.5,8.39,8.95,7.89,30,13.67,AD3a,a,13,3,16.9674349126549,FALSE,16.3025
AD3,88,2024,2024-03-27,16.675,2,12,453,854.55,0,2.56,6.52,9.46,8.11,30,13.86,AD3a,a,13,3,17.2031331176478,FALSE,16.675
AD3,89,2024,2024-03-28,16.5608333333333,2,12,454,854.55,0,2.56,7.63,9.07,8.52,30,13.95,AD3a,a,13,3,17.3099102978517,FALSE,16.5608333333333
AD3,90,2024,2024-03-29,16.4341666666667,2,12,455,854.55,0,2.56,8.95,10.29,9.4,30,13.88,AD3a,a,13,3,17.2710113651411,FALSE,16.4341666666667
AD3,91,2024,2024-03-30,16.1908333333333,2,12,456,854.55,0,2.56,7.59,10.27,9.82,30,13.8,AD3a,a,13,3,17.2570090179619,FALSE,16.1908333333333
AD3,92,2024,2024-03-31,16.083125,2,24,457,861.54,0,2.58,6.84,9.22,9.51,30,13.78,AD3a,a,14,4,17.2883639892855,FALSE,16.083125
AD3,93,2024,2024-04-01,16.2310416666667,2,24,458,861.54,0,2.58,4.88,7.86,9.18,30,13.74,AD3a,a,14,4,17.3172467509394,FALSE,16.2310416666667
AD3,94,2024,2024-04-02,15.8975,2,24,459,861.54,0,2.58,2.71,5.8,8.19,30,13.6,AD3a,a,14,4,17.2630483894711,FALSE,15.8975
AD3,106,2024,2024-04-14,18.2720833333333,3,24,471,499.94,0,1.5,6.47,9.24,11.24,30,14.08,AD3a,a,16,4,18.0392916117194,FALSE,18.2720833333333
AD3,107,2024,2024-04-15,17.9513888888889,3,24,472,520.35,0,1.56,7.16,8.81,10.64,30,14.31,AD3a,a,16,4,18.2412149306716,FALSE,17.9513888888889
AD3,108,2024,2024-04-16,18.1655555555556,3,24,473,527.14,0,1.58,5.78,8.47,9.72,30,14.59,AD3a,a,16,4,18.504219212697,FALSE,18.1655555555556
AD3,109,2024,2024-04-17,18.3230555555556,3,24,474,547.84,0,1.64,5.28,7.53,8.54,30,14.84,AD3a,a,16,4,18.7297139054753,FALSE,18.3230555555556
AD3,110,2024,2024-04-18,18.0077777777778,3,24,475,547.84,0,1.64,4.84,7.06,7.9,30,14.93,AD3a,a,16,4,18.8295984590611,FALSE,18.0077777777778
AD3,111,2024,2024-04-19,17.8488888888889,3,24,476,547.84,0,1.64,3.83,6.34,7.38,30,14.74,AD3a,a,16,4,18.7239384554985,FALSE,17.8488888888889
AD3,112,2024,2024-04-20,17.94,3,24,477,547.84,0,1.64,5.56,6.69,7.06,30,14.58,AD3a,a,16,4,18.6086440604677,FALSE,17.94
AD3,113,2024,2024-04-21,18.1520833333333,3,24,478,561.67,0,1.69,3.71,6.63,6.64,30,14.64,AD3a,a,17,4,18.7025041626475,FALSE,18.1520833333333
AD3,114,2024,2024-04-22,18.6618055555556,3,24,479,568.48,0,1.71,3.75,5.73,6.34,30,14.74,AD3a,a,17,4,18.8014283529429,FALSE,18.6618055555556
AD3,115,2024,2024-04-23,18.7118055555556,3,24,480,568.48,0,1.71,5.12,6.43,6.39,30,14.64,AD3a,a,17,4,18.7360592897086,FALSE,18.7118055555556
AD3,116,2024,2024-04-24,18.6388888888889,3,24,481,575.33,0,1.73,4.89,7,6.6,30,14.57,AD3a,a,17,4,18.7129950695673,FALSE,18.6388888888889
AD3,117,2024,2024-04-25,18.6255555555556,3,24,482,575.32,0,1.73,4.75,6.82,6.44,30,14.49,AD3a,a,17,4,18.6819966954803,FALSE,18.6255555555556
AD3,118,2024,2024-04-26,18.9018055555556,3,24,483,575.32,0,1.73,7.59,8.17,7.22,30,14.36,AD3a,a,17,4,18.5788597770493,FALSE,18.9018055555556
AD3,119,2024,2024-04-27,19.16125,3,24,484,575.32,0,1.73,12.9,12.25,9.05,30,14.32,AD3a,a,17,4,18.5100848122168,FALSE,19.16125
AD3,120,2024,2024-04-28,19.2163888888889,3,24,485,575.32,0,1.73,6.69,11.79,9.36,30,14.29,AD3a,a,18,4,18.5908717016109,FALSE,19.2163888888889
AD3,121,2024,2024-04-29,19.2847222222222,3,24,486,575.32,0,1.73,9.96,10.32,10.38,30,14.25,AD3a,a,18,4,18.5473400150662,FALSE,19.2847222222222
AD3,122,2024,2024-04-30,19.3025,3,24,487,575.32,0,1.73,6.83,10.4,10.79,30,14.21,AD3a,a,18,5,18.5829891127009,FALSE,19.3025
AD3,123,2024,2024-05-01,19.4195833333333,3,24,488,575.32,0,1.73,7.03,8.93,10.68,30,14.15,AD3a,a,18,5,18.5636951428604,FALSE,19.4195833333333
AD3,124,2024,2024-05-02,19.5136111111111,3,24,489,575.32,0,1.73,7.41,9.22,9.59,30,14.08,AD3a,a,18,5,18.5355593885316,FALSE,19.5136111111111
AD3,125,2024,2024-05-03,19.3754166666667,3,24,490,575.32,0,1.73,7.83,9.62,9.81,30,14,AD3a,a,18,5,18.5004594332555,FALSE,19.3754166666667
AD3,126,2024,2024-05-04,19.52625,3,24,491,575.32,0,1.73,6.12,8.98,9.05,30,13.89,AD3a,a,18,5,18.4719080848331,FALSE,19.52625
AD3,127,2024,2024-05-05,19.2679166666667,3,24,492,575.32,0,1.73,9.81,9.97,9.64,30,13.82,AD3a,a,19,5,18.4040075165252,FALSE,19.2679166666667
AD3,128,2024,2024-05-06,19.2393055555556,3,24,493,575.32,0,1.73,11.46,12.64,10.53,30,13.84,AD3a,a,19,5,18.4213332258795,FALSE,19.2393055555556
AD3,129,2024,2024-05-07,19.3434722222222,3,24,494,575.32,0,1.73,13.64,14.55,11.77,30,13.9,AD3a,a,19,5,18.4578276623891,FALSE,19.3434722222222
AD3,130,2024,2024-05-08,19.2297222222222,3,24,495,575.32,0,1.73,12.55,15.09,12.72,30,13.94,AD3a,a,19,5,18.5206887787824,FALSE,19.2297222222222
AD3,131,2024,2024-05-09,19.1405555555556,3,24,496,575.32,0,1.73,11.55,14.05,13.8,30,13.96,AD3a,a,19,5,18.5686598382975,FALSE,19.1405555555556
AD3,132,2024,2024-05-10,19.0868055555556,3,24,497,575.32,0,1.73,15.23,15.39,14.89,30,14.03,AD3a,a,19,5,18.5903346556404,FALSE,19.0868055555556
AD3,133,2024,2024-05-11,19.1998611111111,3,24,498,575.32,0,1.73,14.87,17.05,15.57,30,14.16,AD3a,a,19,5,18.6992362537312,FALSE,19.1998611111111
AD3,134,2024,2024-05-12,19.0508333333333,3,24,499,575.32,0,1.73,14.73,16.8,15.79,30,14.27,AD3a,a,20,5,18.7910867117461,FALSE,19.0508333333333
AD3,135,2024,2024-05-13,19.1747222222222,3,24,500,333.29,0,1,13.07,15.9,15.89,30,14.38,AD3a,a,20,5,18.9002964640096,FALSE,19.1747222222222
AD3,136,2024,2024-05-14,19.1863888888889,3,24,501,333.29,0,1,8.97,13.02,15.37,30,14.4,AD3a,a,20,5,18.9820166141102,FALSE,19.1863888888889
AD3,137,2024,2024-05-15,19.2363888888889,3,24,502,333.29,0,1,7.76,10.36,13.88,30,14.32,AD3a,a,20,5,18.9653864547427,FALSE,19.2363888888889
AD3,275,2023,2023-10-01,17.59625,1,24,275,216.34,0,0.65,16.69,17.52,17.47,30,21.75,AD3a,a,40,10,19.7838662642532,FALSE,17.59625
AD3,276,2023,2023-10-02,18.8479166666667,1,24,276,216.34,0,0.65,14.5,17.6,17,30,21.72,AD3a,a,40,10,19.7603726666575,FALSE,18.8479166666667
AD3,277,2023,2023-10-03,19.3983333333333,1,24,277,216.34,0,0.65,13.78,16.14,16.72,30,21.41,AD3a,a,40,10,19.6323130453568,FALSE,19.3983333333333
AD3,278,2023,2023-10-04,18.9020833333333,1,24,278,236.56,0,0.71,12.67,15.23,16.4,30,21.51,AD3a,a,40,10,19.6349955358016,FALSE,18.9020833333333
AD3,279,2023,2023-10-05,21.07625,1,24,279,236.56,0,0.71,15.41,16.04,16.61,30,21.58,AD3a,a,40,10,19.5805148463936,FALSE,21.07625
AD3,280,2023,2023-10-06,19.9629166666667,1,24,280,236.56,0,0.71,11.84,15.62,15.64,30,21.25,AD3a,a,40,10,19.4810486925882,FALSE,19.9629166666667
AD3,281,2023,2023-10-07,20.15125,1,24,281,236.56,0,0.71,8.24,12.04,14.39,30,20.81,AD3a,a,40,10,19.3481137379739,FALSE,20.15125
AD3,282,2023,2023-10-08,19.9033333333333,1,24,282,333.29,0,1,9.95,11.09,13.62,30,21.94,AD3a,a,41,10,19.630344180216,FALSE,19.9033333333333
AD3,283,2023,2023-10-09,19.6175,1,24,283,340.26,0,1.02,13.61,13.78,13.81,30,22.83,AD3a,a,41,10,19.8142419009893,FALSE,19.6175
AD3,327,2023,2023-11-23,18.4267021276596,3,94,327,933.22,0,2.8,9.05,8.06,8.17,30,20.68,AD3a,a,47,11,17.0068504540865,FALSE,18.4267021276596
AD3,328,2023,2023-11-23,18.3433333333333,3,12,328,933.22,0,2.8,2.49,7.77,7.2,30,20.45,AD3a,a,47,11,16.9577420770023,FALSE,18.3433333333333
AD3,329,2023,2023-11-24,18.1575,3,12,329,933.22,0,2.8,1.49,3.99,6.05,30,20.19,AD3a,a,47,11,16.8297578875107,FALSE,18.1575
AD3,330,2023,2023-11-25,17.4675,3,12,330,933.22,0,2.8,-0.9,2.29,5.04,30,19.9,AD3a,a,47,11,16.7087919544855,FALSE,17.4675
AD3,331,2023,2023-11-26,17.1919444444444,3,12,331,933.22,0,2.8,0.73,1.91,4.57,30,19.61,AD3a,a,48,11,16.5373962389529,FALSE,17.1919444444444
AD3,332,2023,2023-11-27,16.9191666666667,3,12,332,933.22,0,2.8,-3.89,0.42,1.98,30,19.3,AD3a,a,48,11,16.436212700392,FALSE,16.9191666666667
AD3,333,2023,2023-11-28,16.6772222222222,3,12,333,933.22,0,2.8,-5.15,-2.52,0.45,30,18.95,AD3a,a,48,11,16.2799553797455,FALSE,16.6772222222222
AD3,334,2023,2023-11-29,16.3605555555556,3,12,334,933.22,0,2.8,-5.26,-3.21,-0.9,30,18.6,AD3a,a,48,11,16.108649122487,FALSE,16.3605555555556
AD3,335,2023,2023-11-30,16.0233333333333,3,12,335,933.22,0,2.8,-4.03,-2.64,-1.52,30,18.25,AD3a,a,48,12,15.9199294848748,FALSE,16.0233333333333
AD3,336,2023,2023-12-01,15.6930555555556,3,12,336,933.22,0,2.8,-5.28,-2.65,-2.72,30,17.9,AD3a,a,48,12,15.7610281923718,FALSE,15.6930555555556
AD3,337,2023,2023-12-02,15.2963888888889,3,12,337,933.22,0,2.8,-2.42,-1.85,-2.43,30,17.57,AD3a,a,48,12,15.5568570847167,FALSE,15.2963888888889
AD3,338,2023,2023-12-03,14.9419444444444,3,12,338,933.22,0,2.8,-0.69,0.44,-1.54,30,17.28,AD3a,a,49,12,15.378698417525,FALSE,14.9419444444444
AD3,339,2023,2023-12-04,14.6838888888889,3,12,339,933.22,0,2.8,0.26,1.79,-0.43,30,17.01,AD3a,a,49,12,15.2158359763087,FALSE,14.6838888888889
AD3,340,2023,2023-12-05,14.3216666666667,3,12,340,933.22,0,2.8,0.39,2.33,0.45,30,16.75,AD3a,a,49,12,15.0655594539608,FALSE,14.3216666666667
AD3,341,2023,2023-12-06,13.9036111111111,3,12,341,933.22,0,2.8,0.56,2.48,1.62,30,16.5,AD3a,a,49,12,14.9172439416877,FALSE,13.9036111111111
AD3,342,2023,2023-12-07,13.7047222222222,3,12,342,933.22,0,2.8,0.83,2.69,2.27,30,16.26,AD3a,a,49,12,14.7701598592003,FALSE,13.7047222222222
AD3,343,2023,2023-12-08,13.7975,3,12,343,933.22,0,2.8,2.55,3.69,2.92,30,16.03,AD3a,a,49,12,14.6076236677615,FALSE,13.7975
AD3,344,2023,2023-12-09,13.685,3,12,344,933.22,0,2.8,3.85,5.2,3.63,30,15.83,AD3a,a,49,12,14.4593123880043,FALSE,13.685
AD3,345,2023,2023-12-10,13.5463888888889,3,12,345,933.22,0,2.8,4.14,5.99,4.38,30,15.65,AD3a,a,50,12,14.3293100928431,FALSE,13.5463888888889
AD3,346,2023,2023-12-11,13.4416666666667,3,12,346,933.22,0,2.8,2.22,5.18,4.71,30,15.46,AD3a,a,50,12,14.2226497328194,FALSE,13.4416666666667
AD3,347,2023,2023-12-12,13.0830555555556,3,12,347,933.22,0,2.8,0.49,3.35,4.65,30,15.25,AD3a,a,50,12,14.1063261716775,FALSE,13.0830555555556
AD3,348,2023,2023-12-13,12.9063888888889,3,12,348,933.22,0,2.8,-0.12,2.18,4.11,30,15.03,AD3a,a,50,12,13.9720806124259,FALSE,12.9063888888889
AD3,349,2023,2023-12-14,12.9733333333333,3,12,349,933.22,0,2.8,5.29,4.59,4.4,30,14.85,AD3a,a,50,12,13.7758150188757,FALSE,12.9733333333333
AD3,350,2023,2023-12-15,12.7130555555556,3,12,350,933.22,0,2.8,7.62,8.46,5.1,30,14.71,AD3a,a,50,12,13.6301719760336,FALSE,12.7130555555556
AD3,351,2023,2023-12-16,12.6077777777778,3,12,351,933.22,0,2.8,8.04,9.83,6.26,30,14.6,AD3a,a,50,12,13.5174522465785,FALSE,12.6077777777778
AD3,352,2023,2023-12-17,12.4555555555556,3,12,352,933.22,0,2.8,8.18,10.11,7.8,30,14.49,AD3a,a,51,12,13.4075695148435,FALSE,12.4555555555556
AD3,353,2023,2023-12-18,12.7297222222222,3,12,353,933.22,0,2.8,6.84,9.51,9.19,30,14.39,AD3a,a,51,12,13.3187034719849,FALSE,12.7297222222222
AD3,354,2023,2023-12-19,12.7472222222222,3,12,354,933.22,0,2.8,4.35,7.59,9,30,14.27,AD3a,a,51,12,13.2367438830018,FALSE,12.7472222222222
AD3,355,2023,2023-12-20,12.8430555555556,3,12,355,933.22,0,2.8,6.14,7.24,8.71,30,14.14,AD3a,a,51,12,13.0978348097707,FALSE,12.8430555555556
AD3,356,2023,2023-12-21,13.5333333333333,3,12,356,933.22,0,2.8,2.25,6.19,7.55,30,14,AD3a,a,51,12,13.0251314145072,FALSE,13.5333333333333
AD3,357,2023,2023-12-22,13.6294444444444,3,12,357,933.22,0,2.8,1.59,3.92,6.23,30,13.83,AD3a,a,51,12,12.9016477182319,FALSE,13.6294444444444
AD3,358,2023,2023-12-23,13.5522222222222,3,12,358,933.22,0,2.8,6.21,5.9,6.11,30,13.69,AD3a,a,51,12,12.7222625078153,FALSE,13.5522222222222
AD3,359,2023,2023-12-24,13.4652777777778,3,12,359,933.22,0,2.8,6.05,8.13,6.45,30,13.57,AD3a,a,52,12,12.6080812015615,FALSE,13.4652777777778
AD3,360,2023,2023-12-25,13.6144444444444,3,12,360,933.22,0,2.8,5.29,7.67,6.28,30,13.46,AD3a,a,52,12,12.504052074969,FALSE,13.6144444444444
AD3,361,2023,2023-12-26,13.6497222222222,3,12,361,933.22,0,2.8,2.38,5.83,6.3,30,13.32,AD3a,a,52,12,12.4157109343322,FALSE,13.6497222222222
AD3,362,2023,2023-12-27,13.66,3,12,362,1033.2,0,3.1,8.13,7.26,7.61,30,14.07,AD3a,a,52,12,12.5243239731895,FALSE,13.66
AD3,363,2023,2023-12-28,13.6794444444444,3,12,363,1033.2,0,3.1,7.08,9.6,7.79,30,14.73,AD3a,a,52,12,12.6871305947365,FALSE,13.6794444444444
AD3,364,2023,2023-12-29,13.5508333333333,3,12,364,1033.2,0,3.1,4.42,7.75,7.46,30,14.6,AD3a,a,52,12,12.5986215420843,FALSE,13.5508333333333
AD3,365,2023,2023-12-30,13.395,3,12,365,1033.2,0,3.1,5.43,6.93,7.49,30,14.47,AD3a,a,52,12,12.4640255471514,FALSE,13.395
AD3,66,2023,,,,,66,847.12,0,2.54,3.24,5,7.09,30,10.93,AD3a,a,10,3,13.1529674053505,TRUE,13.1529674053505
AD3,67,2023,,,,,67,853.96,0,2.56,1.53,4.38,6.01,30,10.89,AD3a,a,10,3,13.2042986004894,TRUE,13.2042986004894
AD3,68,2023,,,,,68,853.96,0,2.56,1.31,3.42,4.91,30,10.85,AD3a,a,10,3,13.2372689437618,TRUE,13.2372689437618
AD3,69,2023,,,,,69,853.96,0,2.56,2.36,3.84,4.24,30,10.73,AD3a,a,10,3,13.1718092195922,TRUE,13.1718092195922
AD3,70,2023,,,,,70,853.96,0,2.56,2.9,4.63,4.27,30,10.62,AD3a,a,10,3,13.1242109160869,TRUE,13.1242109160869
AD3,71,2023,,,,,71,860.86,0,2.58,3.68,5.29,4.35,30,10.59,AD3a,a,10,3,13.1563188671597,TRUE,13.1563188671597
AD3,72,2023,,,,,72,867.63,0,2.6,3.95,5.81,4.84,30,10.64,AD3a,a,11,3,13.2755776483083,TRUE,13.2755776483083
AD3,73,2023,,,,,73,693.25,0,2.08,7.28,7.61,6.03,30,10.63,AD3a,a,11,3,13.2954026645688,TRUE,13.2954026645688
AD3,74,2023,,,,,74,826.56,0,2.48,9.25,10.26,7.41,30,12.3,AD3a,a,11,3,15.0065655933959,TRUE,15.0065655933959
AD3,75,2023,,,,,75,826.56,0,2.48,10.07,11.66,8.84,30,13.65,AD3a,a,11,3,16.3899548763292,TRUE,16.3899548763292
AD3,76,2023,,,,,76,826.56,0,2.48,6.42,10.24,9.39,30,13.58,AD3a,a,11,3,16.4135283084743,TRUE,16.4135283084743
AD3,77,2023,,,,,77,826.56,0,2.48,2.57,6.49,9.12,30,13.47,AD3a,a,11,3,16.4011866620674,TRUE,16.4011866620674
AD3,78,2023,,,,,78,847.27,0,2.54,3.91,5.24,8.44,30,13.56,AD3a,a,11,3,16.519355802321,TRUE,16.519355802321
AD3,79,2023,,,,,79,847.27,0,2.54,5.22,6.57,7.64,30,13.63,AD3a,a,12,3,16.6169617380304,TRUE,16.6169617380304
AD3,80,2023,,,,,80,847.27,0,2.54,8.53,8.88,7.33,30,13.54,AD3a,a,12,3,16.5358890658239,TRUE,16.5358890658239
AD3,81,2023,,,,,81,875.4,0,2.63,7.63,10.08,7.57,30,13.76,AD3a,a,12,3,16.801040676383,TRUE,16.801040676383
AD3,82,2023,,,,,82,875.41,0,2.63,7.36,9.49,8.53,30,13.93,AD3a,a,12,3,17.0079126236594,TRUE,17.0079126236594
AD3,83,2023,,,,,83,875.41,0,2.63,5.45,8.4,8.84,30,13.84,AD3a,a,12,3,16.9899457360345,TRUE,16.9899457360345
AD3,84,2023,,,,,84,875.41,0,2.63,5.55,7.5,8.9,30,13.74,AD3a,a,12,3,16.9387198041042,TRUE,16.9387198041042
AD3,85,2023,,,,,85,889.3,0,2.67,4.56,7.06,8.11,30,13.76,AD3a,a,12,3,17.0121227828642,TRUE,17.0121227828642
AD3,95,2023,,,,,95,666.58,0,2,7.81,7.26,7.97,30,13.57,AD3a,a,14,4,17.2139804326977,TRUE,17.2139804326977
AD3,96,2023,,,,,96,673.6,0,2.02,8.67,10.24,8.18,30,13.56,AD3a,a,14,4,17.2342153270039,TRUE,17.2342153270039
AD3,97,2023,,,,,97,673.59,0,2.02,12.89,12.78,9.39,30,13.6,AD3a,a,14,4,17.2545279255521,TRUE,17.2545279255521
AD3,98,2023,,,,,98,673.59,0,2.02,13.19,15.04,11.05,30,13.63,AD3a,a,14,4,17.3140705899095,TRUE,17.3140705899095
AD3,99,2023,,,,,99,687.47,0,2.06,12.61,14.9,13.03,30,13.84,AD3a,a,14,4,17.5323819340878,TRUE,17.5323819340878
AD3,100,2023,,,,,100,694.24,0,2.08,10.66,13.63,13.6,30,14.07,AD3a,a,15,4,17.7809962166576,TRUE,17.7809962166576
AD3,101,2023,,,,,101,694.24,0,2.08,8.21,11.43,13.51,30,14.1,AD3a,a,15,4,17.8698168656845,TRUE,17.8698168656845
AD3,102,2023,,,,,102,708.08,0,2.12,10.16,11.18,12.96,30,14.22,AD3a,a,15,4,17.9761208542726,TRUE,17.9761208542726
AD3,103,2023,,,,,103,708.08,0,2.12,10.38,12.27,12.4,30,14.31,AD3a,a,15,4,18.0779179621829,TRUE,18.0779179621829
AD3,104,2023,,,,,104,708.08,0,2.12,11.17,12.77,12.11,30,14.28,AD3a,a,15,4,18.0757419209874,TRUE,18.0757419209874
AD3,105,2023,,,,,105,708.08,0,2.12,8.02,11.59,11.59,30,14.24,AD3a,a,15,4,18.1143717960731,TRUE,18.1143717960731
AD3,138,2023,,,,,138,333.29,0,1,10.27,11.01,12.96,30,14.33,AD3a,a,20,5,18.958498284393,TRUE,18.958498284393
AD3,139,2023,,,,,139,333.29,0,1,11.31,12.79,12.28,30,14.38,AD3a,a,20,5,18.9937475683981,TRUE,18.9937475683981
AD3,140,2023,,,,,140,333.29,0,1,12.29,13.8,12.12,30,14.48,AD3a,a,20,5,19.0592211793901,TRUE,19.0592211793901
AD3,141,2023,,,,,141,333.29,0,1,14.99,15.64,13.32,30,14.61,AD3a,a,20,5,19.1201963131912,TRUE,19.1201963131912
AD3,142,2023,,,,,142,333.29,0,1,17.33,18.16,15.24,30,14.78,AD3a,a,21,5,19.2079886943506,TRUE,19.2079886943506
AD3,143,2023,,,,,143,333.29,0,1,10.99,16.16,15.38,30,14.86,AD3a,a,21,5,19.3478573318103,TRUE,19.3478573318103
AD3,144,2023,,,,,144,333.29,0,1,12.61,13.8,15.64,30,14.9,AD3a,a,21,5,19.3646407888074,TRUE,19.3646407888074
AD3,145,2023,,,,,145,333.29,0,1,11.39,14,15.46,30,15.01,AD3a,a,21,5,19.4567532904912,TRUE,19.4567532904912
AD3,146,2023,,,,,146,333.29,0,1,10.62,13.01,14.59,30,15.09,AD3a,a,21,5,19.524572536163,TRUE,19.524572536163
AD3,147,2023,,,,,147,333.29,0,1,10.87,12.75,13.3,30,15.15,AD3a,a,21,5,19.5672038921678,TRUE,19.5672038921678
AD3,148,2023,,,,,148,333.29,0,1,11.13,13,13.32,30,15.2,AD3a,a,21,5,19.6031194233636,TRUE,19.6031194233636
AD3,149,2023,,,,,149,333.29,0,1,11.18,13.15,13.04,30,15.26,AD3a,a,22,5,19.6465275391206,TRUE,19.6465275391206
AD3,150,2023,,,,,150,66.72,0,0.2,14.66,14.92,13.69,30,15.71,AD3a,a,22,5,19.866491906294,TRUE,19.866491906294
AD3,151,2023,,,,,151,66.72,0,0.2,12.3,15.48,14.03,30,16.28,AD3a,a,22,5,20.2218057211309,TRUE,20.2218057211309
AD3,152,2023,,,,,152,66.72,0,0.2,13.23,14.76,14.5,30,16.69,AD3a,a,22,6,20.4425861130236,TRUE,20.4425861130236
AD3,153,2023,,,,,153,66.72,0,0.2,13.18,15.21,14.91,30,17.12,AD3a,a,22,6,20.6829130679148,TRUE,20.6829130679148
AD3,154,2023,,,,,154,66.72,0,0.2,13.01,15.1,15.28,30,17.51,AD3a,a,22,6,20.8991023638924,TRUE,20.8991023638924
AD3,155,2023,,,,,155,66.72,0,0.2,11.59,14.3,14.66,30,17.66,AD3a,a,22,6,20.9969125298141,TRUE,20.9969125298141
AD3,156,2023,,,,,156,66.72,0,0.2,12.54,14.06,14.71,30,17.68,AD3a,a,23,6,20.9937908535226,TRUE,20.9937908535226
AD3,157,2023,,,,,157,66.72,0,0.2,12.84,14.69,14.63,30,17.85,AD3a,a,23,6,21.0786721935159,TRUE,21.0786721935159
AD3,158,2023,,,,,158,66.72,0,0.2,12.96,14.9,14.59,30,18.01,AD3a,a,23,6,21.1588880380503,TRUE,21.1588880380503
AD3,159,2023,,,,,159,66.72,0,0.2,13.87,15.41,14.76,30,18.23,AD3a,a,23,6,21.2595586896637,TRUE,21.2595586896637
AD3,160,2023,,,,,160,66.72,0,0.2,14.94,16.4,15.43,30,18.61,AD3a,a,23,6,21.440283981728,TRUE,21.440283981728
AD3,161,2023,,,,,161,66.72,0,0.2,16.79,17.86,16.28,30,19.13,AD3a,a,23,6,21.6812257434114,TRUE,21.6812257434114
AD3,162,2023,,,,,162,66.72,0,0.2,17,18.89,17.11,30,19.71,AD3a,a,23,6,21.9694368932636,TRUE,21.9694368932636
AD3,163,2023,,,,,163,66.72,0,0.2,18,19.5,18.12,30,20.32,AD3a,a,24,6,22.258858166822,TRUE,22.258858166822
AD3,164,2023,,,,,164,66.72,0,0.2,17.43,19.71,18.83,30,20.92,AD3a,a,24,6,22.5580162305315,TRUE,22.5580162305315
AD3,165,2023,,,,,165,66.72,0,0.2,18.16,19.8,19.48,30,21.48,AD3a,a,24,6,22.816392202715,TRUE,22.816392202715
AD3,166,2023,,,,,166,66.72,0,0.2,17,19.58,19.52,30,21.63,AD3a,a,24,6,22.887818473813,TRUE,22.887818473813
AD3,167,2023,,,,,167,66.72,0,0.2,18.32,19.66,19.78,30,21.64,AD3a,a,24,6,22.8574538559534,TRUE,22.8574538559534
AD3,168,2023,,,,,168,66.72,0,0.2,18.44,20.38,19.87,30,21.84,AD3a,a,24,6,22.9359785515053,TRUE,22.9359785515053
AD3,169,2023,,,,,169,66.72,0,0.2,18.25,20.35,20.03,30,22.08,AD3a,a,24,6,23.0365432260441,TRUE,23.0365432260441
AD3,170,2023,,,,,170,66.72,0,0.2,17.97,20.11,20,30,22.1,AD3a,a,25,6,23.0288244069403,TRUE,23.0288244069403
AD3,171,2023,,,,,171,66.72,0,0.2,19.47,20.72,20.49,30,22.21,AD3a,a,25,6,23.042568705332,TRUE,23.042568705332
AD3,172,2023,,,,,172,66.72,0,0.2,18.05,20.76,20.44,30,22.32,AD3a,a,25,6,23.0915761626484,TRUE,23.0915761626484
AD3,173,2023,,,,,173,66.72,0,0.2,18.68,20.37,20.48,30,22.43,AD3a,a,25,6,23.1143879137279,TRUE,23.1143879137279
AD3,174,2023,,,,,174,66.72,0,0.2,17.08,19.88,20.25,30,22.58,AD3a,a,25,6,23.1829970484457,TRUE,23.1829970484457
AD3,175,2023,,,,,175,66.72,0,0.2,17.71,19.39,20.2,30,22.6,AD3a,a,25,6,23.1614606547766,TRUE,23.1614606547766
AD3,176,2023,,,,,176,66.72,0,0.2,19.56,20.63,20.22,30,22.68,AD3a,a,25,6,23.1527847187339,TRUE,23.1527847187339
AD3,177,2023,,,,,177,66.72,0,0.2,18.43,20.99,20.29,30,22.72,AD3a,a,26,6,23.1616825672749,TRUE,23.1616825672749
AD3,178,2023,,,,,178,66.72,0,0.2,15.64,19.03,19.68,30,22.64,AD3a,a,26,6,23.1351152738343,TRUE,23.1351152738343
AD3,179,2023,,,,,179,66.72,0,0.2,16.91,18.27,19.65,30,22.59,AD3a,a,26,6,23.072525482476,TRUE,23.072525482476
AD3,180,2023,,,,,180,66.72,0,0.2,18.4,19.65,19.79,30,22.47,AD3a,a,26,6,22.9753691908535,TRUE,22.9753691908535
AD3,181,2023,,,,,181,66.72,0,0.2,15.97,19.18,19.07,30,22.32,AD3a,a,26,6,22.9136531145946,TRUE,22.9136531145946
AD3,182,2023,,,,,182,66.72,0,0.2,15.56,17.76,18.49,30,21.91,AD3a,a,26,7,22.7102869567424,TRUE,22.7102869567424
AD3,183,2023,,,,,183,66.72,0,0.2,14.39,16.97,18.24,30,21.37,AD3a,a,26,7,22.4602432074586,TRUE,22.4602432074586
AD3,184,2023,,,,,184,66.72,0,0.2,13.86,16.13,17.64,30,21,AD3a,a,27,7,22.2810382364163,TRUE,22.2810382364163
AD3,185,2023,,,,,185,66.72,0,0.2,13.34,15.6,16.62,30,20.6,AD3a,a,27,7,22.0903576484677,TRUE,22.0903576484677
AD3,186,2023,,,,,186,66.72,0,0.2,12.71,15.03,15.97,30,19.94,AD3a,a,27,7,21.7886579461551,TRUE,21.7886579461551
AD3,187,2023,,,,,187,66.72,0,0.2,14.84,15.77,15.83,30,19.55,AD3a,a,27,7,21.574392572439,TRUE,21.574392572439
AD3,188,2023,,,,,188,66.72,0,0.2,17,17.92,16.35,30,19.81,AD3a,a,27,7,21.6442067590148,TRUE,21.6442067590148
AD3,189,2023,,,,,189,66.72,0,0.2,18.72,19.86,17.32,30,20.41,AD3a,a,27,7,21.8646825566184,TRUE,21.8646825566184
AD3,190,2023,,,,,190,66.72,0,0.2,20.33,21.52,18.72,30,21.1,AD3a,a,27,7,22.1217142395492,TRUE,22.1217142395492
AD3,191,2023,,,,,191,66.72,0,0.2,17.82,21.08,19.74,30,21.43,AD3a,a,28,7,22.2722604204208,TRUE,22.2722604204208
AD3,192,2023,,,,,192,66.72,0,0.2,18.21,20.01,20.41,30,21.44,AD3a,a,28,7,22.2493457650112,TRUE,22.2493457650112
AD3,193,2023,,,,,193,66.72,0,0.2,16.9,19.55,20.39,30,21.46,AD3a,a,28,7,22.2514443206634,TRUE,22.2514443206634
AD3,194,2023,,,,,194,66.72,0,0.2,16.04,18.47,19.86,30,21.49,AD3a,a,28,7,22.2518881208845,TRUE,22.2518881208845
AD3,195,2023,,,,,195,66.72,0,0.2,16.81,18.42,19.15,30,21.51,AD3a,a,28,7,22.2276806721805,TRUE,22.2276806721805
AD3,196,2023,,,,,196,66.72,0,0.2,20.07,20.44,19.6,30,21.71,AD3a,a,28,7,22.2469014030374,TRUE,22.2469014030374
AD3,197,2023,,,,,197,66.72,0,0.2,17.07,20.57,19.38,30,21.8,AD3a,a,28,7,22.2971301914302,TRUE,22.2971301914302
AD3,198,2023,,,,,198,66.72,0,0.2,15.68,18.37,19.13,30,21.65,AD3a,a,29,7,22.2286724274659,TRUE,22.2286724274659
AD3,199,2023,,,,,199,66.72,0,0.2,15.37,17.53,19,30,21.53,AD3a,a,29,7,22.159601305214,TRUE,22.159601305214
AD3,200,2023,,,,,200,66.72,0,0.2,14.02,16.7,18.44,30,21.2,AD3a,a,29,7,22.0188803928047,TRUE,22.0188803928047
AD3,201,2023,,,,,201,66.72,0,0.2,13.67,15.85,17.16,30,20.76,AD3a,a,29,7,21.8229255332401,TRUE,21.8229255332401
AD3,202,2023,,,,,202,66.72,0,0.2,14.3,15.99,16.61,30,20.46,AD3a,a,29,7,21.6726267116352,TRUE,21.6726267116352
AD3,203,2023,,,,,203,66.72,0,0.2,13.86,16.08,16.25,30,20.22,AD3a,a,29,7,21.5605537189108,TRUE,21.5605537189108
AD3,204,2023,,,,,204,66.72,0,0.2,15.23,16.55,16.22,30,19.78,AD3a,a,29,7,21.3479065495313,TRUE,21.3479065495313
AD3,205,2023,,,,,205,66.72,0,0.2,16.74,17.98,16.76,30,19.56,AD3a,a,30,7,21.2216921418631,TRUE,21.2216921418631
AD3,206,2023,,,,,206,66.72,0,0.2,14.09,17.41,16.84,30,19.53,AD3a,a,30,7,21.2218973213628,TRUE,21.2218973213628
AD3,207,2023,,,,,207,66.72,0,0.2,13.47,15.78,16.68,30,19.33,AD3a,a,30,7,21.1307953576975,TRUE,21.1307953576975
AD3,208,2023,,,,,208,66.72,0,0.2,15.72,16.59,17.05,30,19.22,AD3a,a,30,7,21.0395801524308,TRUE,21.0395801524308
AD3,209,2023,,,,,209,66.72,0,0.2,17.58,18.65,17.52,30,19.51,AD3a,a,30,7,21.1071934795531,TRUE,21.1071934795531
AD3,210,2023,,,,,210,66.72,0,0.2,17.54,19.56,17.68,30,19.83,AD3a,a,30,7,21.2083327858477,TRUE,21.2083327858477
AD3,211,2023,,,,,211,66.72,0,0.2,15.59,18.56,17.98,30,19.86,AD3a,a,30,7,21.2212176537062,TRUE,21.2212176537062
AD3,212,2023,,,,,212,66.72,0,0.2,15.82,17.7,18.45,30,19.83,AD3a,a,31,7,21.184065990218,TRUE,21.184065990218
AD3,213,2023,,,,,213,66.72,0,0.2,15.81,17.81,18.47,30,19.78,AD3a,a,31,8,21.1422228338267,TRUE,21.1422228338267
AD3,214,2023,,,,,214,66.72,0,0.2,15.55,17.68,18.06,30,19.69,AD3a,a,31,8,21.0884313915184,TRUE,21.0884313915184
AD3,215,2023,,,,,215,66.72,0,0.2,16.61,18.08,17.87,30,19.66,AD3a,a,31,8,21.0407669288007,TRUE,21.0407669288007
AD3,216,2023,,,,,216,66.72,0,0.2,15.92,18.26,17.94,30,19.69,AD3a,a,31,8,21.0368551369,TRUE,21.0368551369
AD3,217,2023,,,,,217,66.72,0,0.2,16.04,17.98,17.99,30,19.8,AD3a,a,31,8,21.0520804730718,TRUE,21.0520804730718
AD3,218,2023,,,,,218,66.72,0,0.2,16.27,18.16,18.08,30,19.86,AD3a,a,31,8,21.0469314513663,TRUE,21.0469314513663
AD3,219,2023,,,,,219,66.72,0,0.2,14.41,17.34,17.85,30,19.58,AD3a,a,32,8,20.9429154638362,TRUE,20.9429154638362
AD3,220,2023,,,,,220,66.72,0,0.2,14.01,16.21,17.33,30,19.31,AD3a,a,32,8,20.8252035518782,TRUE,20.8252035518782
AD3,221,2023,,,,,221,66.72,0,0.2,13.38,15.69,16.82,30,19.05,AD3a,a,32,8,20.7146209944163,TRUE,20.7146209944163
AD3,222,2023,,,,,222,66.72,0,0.2,14.52,15.95,16.52,30,18.9,AD3a,a,32,8,20.6223855164829,TRUE,20.6223855164829
AD3,223,2023,,,,,223,66.72,0,0.2,18.13,18.32,16.89,30,19.1,AD3a,a,32,8,20.6253392158669,TRUE,20.6253392158669
AD3,224,2023,,,,,224,66.72,0,0.2,17.94,20.03,17.59,30,19.22,AD3a,a,32,8,20.6457948984699,TRUE,20.6457948984699
AD3,225,2023,,,,,225,66.72,0,0.2,17.2,19.57,18.23,30,19.26,AD3a,a,32,8,20.6439571807802,TRUE,20.6439571807802
AD3,226,2023,,,,,226,66.72,0,0.2,18.55,19.88,19.27,30,19.61,AD3a,a,33,8,20.7255509622334,TRUE,20.7255509622334
AD3,227,2023,,,,,227,66.72,0,0.2,18,20.28,19.96,30,20.04,AD3a,a,33,8,20.8574663154341,TRUE,20.8574663154341
AD3,228,2023,,,,,228,66.72,0,0.2,16.42,19.21,19.62,30,20.22,AD3a,a,33,8,20.9128582480456,TRUE,20.9128582480456
AD3,229,2023,,,,,229,66.72,0,0.2,15.22,17.82,19.08,30,20.15,AD3a,a,33,8,20.8754408772604,TRUE,20.8754408772604
AD3,230,2023,,,,,230,66.72,0,0.2,17.62,18.42,19.16,30,20.1,AD3a,a,33,8,20.8004062381013,TRUE,20.8004062381013
AD3,231,2023,,,,,231,66.72,0,0.2,19.31,20.46,19.32,30,20.23,AD3a,a,33,8,20.7963859435301,TRUE,20.7963859435301
AD3,232,2023,,,,,232,66.72,0,0.2,18.67,20.99,19.45,30,20.51,AD3a,a,33,8,20.8723019338392,TRUE,20.8723019338392
AD3,233,2023,,,,,233,66.72,0,0.2,17.61,20.14,19.69,30,20.82,AD3a,a,34,8,20.9626903740116,TRUE,20.9626903740116
AD3,234,2023,,,,,234,66.72,0,0.2,18.1,19.86,20.26,30,21.07,AD3a,a,34,8,21.0122862271816,TRUE,21.0122862271816
AD3,235,2023,,,,,235,66.72,0,0.2,17.02,19.56,20.14,30,21.11,AD3a,a,34,8,21.0088068851228,TRUE,21.0088068851228
AD3,236,2023,,,,,236,66.72,0,0.2,16.62,18.82,19.61,30,21.03,AD3a,a,34,8,20.9558257184659,TRUE,20.9558257184659
AD3,237,2023,,,,,237,66.72,0,0.2,18.06,19.34,19.48,30,21.11,AD3a,a,34,8,20.9341855069389,TRUE,20.9341855069389
AD3,238,2023,,,,,238,66.72,0,0.2,15.15,18.6,18.99,30,20.96,AD3a,a,34,8,20.8883806902696,TRUE,20.8883806902696
AD3,239,2023,,,,,239,66.72,0,0.2,14.21,16.68,18.21,30,20.46,AD3a,a,34,8,20.7007905831501,TRUE,20.7007905831501
AD3,240,2023,,,,,240,66.72,0,0.2,14.41,16.31,17.69,30,20.08,AD3a,a,35,8,20.5402102354871,TRUE,20.5402102354871
AD3,241,2023,,,,,241,66.72,0,0.2,13.84,16.13,17.14,30,19.76,AD3a,a,35,8,20.4097924901135,TRUE,20.4097924901135
AD3,242,2023,,,,,242,66.72,0,0.2,14.46,16.15,16.42,30,19.33,AD3a,a,35,8,20.2285610172506,TRUE,20.2285610172506
AD3,243,2023,,,,,243,66.72,0,0.2,14.13,16.29,16.21,30,18.91,AD3a,a,35,8,20.0630735643212,TRUE,20.0630735643212
AD3,244,2023,,,,,244,66.72,0,0.2,15.11,16.62,16.39,30,18.77,AD3a,a,35,9,19.974448420789,TRUE,19.974448420789
AD3,245,2023,,,,,245,66.72,0,0.2,14.77,16.94,16.46,30,18.81,AD3a,a,35,9,19.9613783756283,TRUE,19.9613783756283
AD3,246,2023,,,,,246,66.72,0,0.2,16.28,17.52,16.95,30,18.83,AD3a,a,35,9,19.9184772114529,TRUE,19.9184772114529
AD3,247,2023,,,,,247,66.72,0,0.2,17.2,18.74,17.5,30,19.04,AD3a,a,36,9,19.9446595808677,TRUE,19.9446595808677
AD3,248,2023,,,,,248,66.72,0,0.2,18.02,19.61,18.28,30,19.46,AD3a,a,36,9,20.0398222054619,TRUE,20.0398222054619
AD3,249,2023,,,,,249,66.72,0,0.2,18.52,20.27,18.96,30,19.92,AD3a,a,36,9,20.1508326431306,TRUE,20.1508326431306
AD3,250,2023,,,,,250,66.72,0,0.2,19.08,20.8,19.82,30,20.33,AD3a,a,36,9,20.2437376848687,TRUE,20.2437376848687
AD3,251,2023,,,,,251,66.72,0,0.2,19.94,21.51,20.55,30,20.78,AD3a,a,36,9,20.3448280661337,TRUE,20.3448280661337
AD3,252,2023,,,,,252,73.47,0,0.22,20.63,22.28,21.24,30,21.71,AD3a,a,36,9,20.6016583345607,TRUE,20.6016583345607
AD3,253,2023,,,,,253,73.47,0,0.22,17.87,21.25,21.21,30,22.16,AD3a,a,36,9,20.7449882169939,TRUE,20.7449882169939
AD3,254,2023,,,,,254,87.1,0,0.26,19.8,20.84,21.46,30,22.79,AD3a,a,37,9,20.8870220451707,TRUE,20.8870220451707
AD3,255,2023,,,,,255,87.1,0,0.26,17.11,20.46,21.07,30,23.08,AD3a,a,37,9,20.9762052834955,TRUE,20.9762052834955
AD3,256,2023,,,,,256,93.97,0,0.28,13.38,17.24,19.76,30,22.77,AD3a,a,37,9,20.8861747758679,TRUE,20.8861747758679
AD3,257,2023,,,,,257,120.96,0,0.36,12.12,14.75,18.06,30,23.25,AD3a,a,37,9,21.0172590975961,TRUE,21.0172590975961
AD3,258,2023,,,,,258,127.76,0,0.38,15.08,15.6,17.5,30,23.57,AD3a,a,37,9,21.0444155556401,TRUE,21.0444155556401
AD3,259,2023,,,,,259,127.76,0,0.38,17.33,18.2,17,30,23.34,AD3a,a,37,9,20.9054625054497,TRUE,20.9054625054497
AD3,260,2023,,,,,260,127.76,0,0.38,18.15,19.74,17.21,30,23.04,AD3a,a,37,9,20.762187896679,TRUE,20.762187896679
AD3,261,2023,,,,,261,127.76,0,0.38,18.28,20.21,18.19,30,22.74,AD3a,a,38,9,20.6276405214802,TRUE,20.6276405214802
AD3,262,2023,,,,,262,127.76,0,0.38,14.87,18.57,18.74,30,22.33,AD3a,a,38,9,20.5024267218671,TRUE,20.5024267218671
AD3,263,2023,,,,,263,127.76,0,0.38,17.59,18.23,19.24,30,21.95,AD3a,a,38,9,20.3111069815456,TRUE,20.3111069815456
AD3,264,2023,,,,,264,155.11,0,0.47,17.55,19.57,19.29,30,22.5,AD3a,a,38,9,20.4456940079684,TRUE,20.4456940079684
AD3,265,2023,,,,,265,155.11,0,0.47,14.33,17.94,18.53,30,22.8,AD3a,a,38,9,20.5404918679055,TRUE,20.5404918679055
AD3,266,2023,,,,,266,155.11,0,0.47,13.09,15.71,17.49,30,22.35,AD3a,a,38,9,20.3759640443104,TRUE,20.3759640443104
AD3,267,2023,,,,,267,155.11,0,0.47,12.97,15.03,17.11,30,21.9,AD3a,a,38,9,20.1978358604893,TRUE,20.1978358604893
AD3,268,2023,,,,,268,175.48,0,0.53,14.57,15.77,16.5,30,22.04,AD3a,a,39,9,20.1823178945608,TRUE,20.1823178945608
AD3,269,2023,,,,,269,175.48,0,0.53,15.45,17.01,16.08,30,22.15,AD3a,a,39,9,20.1659866375882,TRUE,20.1659866375882
AD3,270,2023,,,,,270,175.48,0,0.53,16.53,17.99,16.52,30,21.86,AD3a,a,39,9,20.0226932213317,TRUE,20.0226932213317
AD3,271,2023,,,,,271,202.74,0,0.61,16.81,18.67,17.27,30,22.22,AD3a,a,39,9,20.0907219051372,TRUE,20.0907219051372
AD3,272,2023,,,,,272,202.74,0,0.61,15.2,18,17.71,30,22.42,AD3a,a,39,9,20.1320454691283,TRUE,20.1320454691283
AD3,273,2023,,,,,273,202.74,0,0.61,14.28,16.74,17.65,30,22.1,AD3a,a,39,9,20.00371733001,TRUE,20.00371733001
AD3,274,2023,,,,,274,202.74,0,0.61,14.35,16.32,17.43,30,21.76,AD3a,a,39,10,19.8569674277454,TRUE,19.8569674277454
AD3,284,2023,,,,,284,340.26,0,1.02,14.41,16.01,13.61,30,22.59,AD3a,a,41,10,19.6871973645531,TRUE,19.6871973645531
AD3,285,2023,,,,,285,360.88,0,1.08,10.53,14.47,13.35,30,22.49,AD3a,a,41,10,19.6606646914754,TRUE,19.6606646914754
AD3,286,2023,,,,,286,360.88,0,1.08,12.6,13.57,14.22,30,22.36,AD3a,a,41,10,19.5511364038254,TRUE,19.5511364038254
AD3,287,2023,,,,,287,360.88,0,1.08,9.65,13.12,14.16,30,22.02,AD3a,a,41,10,19.4392976087601,TRUE,19.4392976087601
AD3,288,2023,,,,,288,360.88,0,1.08,7.45,10.55,12.93,30,21.64,AD3a,a,41,10,19.3057620531276,TRUE,19.3057620531276
AD3,289,2023,,,,,289,374.9,0,1.12,7.89,9.67,11.62,30,21.41,AD3a,a,42,10,19.1851599186141,TRUE,19.1851599186141
AD3,290,2023,,,,,290,374.9,0,1.12,8.33,10.11,11.18,30,21.19,AD3a,a,42,10,19.0673512288522,TRUE,19.0673512288522
AD3,291,2023,,,,,291,374.9,0,1.12,8.24,10.29,10.31,30,20.82,AD3a,a,42,10,18.9100350765701,TRUE,18.9100350765701
AD3,292,2023,,,,,292,395.62,0,1.19,7.59,9.92,9.9,30,20.69,AD3a,a,42,10,18.8326184321718,TRUE,18.8326184321718
AD3,293,2023,,,,,293,395.62,0,1.19,5.02,8.31,9.42,30,20.5,AD3a,a,42,10,18.7603293907439,TRUE,18.7603293907439
AD3,294,2023,,,,,294,395.62,0,1.19,8.26,8.64,9.49,30,20.09,AD3a,a,42,10,18.5487132250741,TRUE,18.5487132250741
AD3,295,2023,,,,,295,395.62,0,1.19,9.83,11.05,9.79,30,19.75,AD3a,a,42,10,18.3787787860183,TRUE,18.3787787860183
AD3,296,2023,,,,,296,409.21,0,1.23,8.59,11.21,9.86,30,19.63,AD3a,a,43,10,18.3104116630835,TRUE,18.3104116630835
AD3,297,2023,,,,,297,409.21,0,1.23,8.98,10.79,10.14,30,19.48,AD3a,a,43,10,18.2123753198892,TRUE,18.2123753198892
AD3,298,2023,,,,,298,409.21,0,1.23,9.75,11.37,11.08,30,19.19,AD3a,a,43,10,18.0665112024302,TRUE,18.0665112024302
AD3,299,2023,,,,,299,443.65,0,1.33,8.17,10.96,11.06,30,19.36,AD3a,a,43,10,18.0898844894853,TRUE,18.0898844894853
AD3,300,2023,,,,,300,443.65,0,1.33,6.98,9.58,10.5,30,19.44,AD3a,a,43,10,18.0806186806593,TRUE,18.0806186806593
AD3,301,2023,,,,,301,443.65,0,1.33,7.3,9.14,10.24,30,19.12,AD3a,a,43,10,17.9300161045853,TRUE,17.9300161045853
AD3,302,2023,,,,,302,443.65,0,1.33,10.48,10.89,10.54,30,18.84,AD3a,a,43,10,17.7558386244908,TRUE,17.7558386244908
AD3,303,2023,,,,,303,457.58,0,1.37,10.81,12.64,10.75,30,18.8,AD3a,a,44,10,17.6899498817626,TRUE,17.6899498817626
AD3,304,2023,,,,,304,457.58,0,1.37,4.52,9.66,10.02,30,18.68,AD3a,a,44,10,17.6810583206905,TRUE,17.6810583206905
AD3,305,2023,,,,,305,457.58,0,1.37,4.93,6.72,9.61,30,18.33,AD3a,a,44,11,17.5183780304682,TRUE,17.5183780304682
AD3,306,2023,,,,,306,478.25,0,1.43,10.28,9.6,10.2,30,18.33,AD3a,a,44,11,17.40147115633,TRUE,17.40147115633
AD3,307,2023,,,,,307,478.25,0,1.43,9.47,11.88,10,30,18.35,AD3a,a,44,11,17.3665288548121,TRUE,17.3665288548121
AD3,308,2023,,,,,308,478.25,0,1.43,8.41,10.94,9.52,30,18.1,AD3a,a,44,11,17.251344345515,TRUE,17.251344345515
AD3,309,2023,,,,,309,478.25,0,1.43,8.56,10.49,10.33,30,17.86,AD3a,a,44,11,17.1237659825937,TRUE,17.1237659825937
AD3,310,2023,,,,,310,492.16,0,1.48,8.86,10.71,11.12,30,17.82,AD3a,a,45,11,17.055401768323,TRUE,17.055401768323
AD3,311,2023,,,,,311,492.16,0,1.48,8.39,10.62,10.74,30,17.77,AD3a,a,45,11,16.9930790041929,TRUE,16.9930790041929
AD3,312,2023,,,,,312,498.93,0,1.5,8.55,10.47,10.55,30,17.64,AD3a,a,45,11,16.8978718137716,TRUE,16.8978718137716
AD3,313,2023,,,,,313,666.58,0,2,8.39,10.47,10.55,30,19.28,AD3a,a,45,11,17.352886943821,TRUE,17.352886943821
AD3,314,2023,,,,,314,666.58,0,2,6.84,9.61,10.2,30,20.4,AD3a,a,45,11,17.6650832667058,TRUE,17.6650832667058
AD3,315,2023,,,,,315,666.58,0,2,6.45,8.64,9.72,30,20.14,AD3a,a,45,11,17.5361387111948,TRUE,17.5361387111948
AD3,316,2023,,,,,316,666.58,0,2,5.71,8.08,9.19,30,19.88,AD3a,a,45,11,17.4109810877362,TRUE,17.4109810877362
AD3,317,2023,,,,,317,666.58,0,2,5.53,7.62,8.58,30,19.61,AD3a,a,46,11,17.27523813094,TRUE,17.27523813094
AD3,318,2023,,,,,318,666.58,0,2,6.86,8.2,8.28,30,19.35,AD3a,a,46,11,17.1233513592221,TRUE,17.1233513592221
AD3,319,2023,,,,,319,666.58,0,2,4.75,7.8,7.86,30,19.09,AD3a,a,46,11,17.0134297701396,TRUE,17.0134297701396
AD3,320,2023,,,,,320,666.58,0,2,3.7,6.22,7.31,30,18.8,AD3a,a,46,11,16.8804524676676,TRUE,16.8804524676676
AD3,321,2023,,,,,321,666.58,0,2,3.63,5.66,6.89,30,18.52,AD3a,a,46,11,16.7378421890775,TRUE,16.7378421890775
AD3,322,2023,,,,,322,666.58,0,2,3.61,5.62,6.51,30,18.23,AD3a,a,46,11,16.5908484097636,TRUE,16.5908484097636
AD3,323,2023,,,,,323,666.58,0,2,7.32,7.46,6.6,30,17.99,AD3a,a,46,11,16.4127190229418,TRUE,16.4127190229418
AD3,324,2023,,,,,324,666.58,0,2,7.24,9.28,7.1,30,17.77,AD3a,a,47,11,16.2871146011047,TRUE,16.2871146011047
AD3,325,2023,,,,,325,666.58,0,2,4.15,7.69,7.19,30,17.53,AD3a,a,47,11,16.1918400904449,TRUE,16.1918400904449
AD3,326,2023,,,,,326,933.22,0,2.8,3.07,5.61,7.08,30,19.35,AD3a,a,47,11,16.719441867966,TRUE,16.719441867966
AD4,9,2024,2024-01-09,11.565078125,4,96,374,1757.28,0,3.95,-4.4,-2.81,-2.62,30,17.98,AD4a,a,2,1,12.8812332722535,FALSE,11.565078125
AD4,10,2024,2024-01-09,11.5510416666667,4,12,375,1757.28,0,3.95,0.04,-0.18,-1.79,30,17.75,AD4a,a,2,1,12.5607472331027,FALSE,11.5510416666667
AD4,11,2024,2024-01-10,11.2614583333333,4,12,376,1757.28,0,3.95,0.45,2.25,-1.03,30,17.54,AD4a,a,2,1,12.3195416629041,FALSE,11.2614583333333
AD4,12,2024,2024-01-11,11.3264583333333,4,12,377,1757.28,0,3.95,1.01,2.73,0.38,30,17.35,AD4a,a,2,1,12.104017756017,FALSE,11.3264583333333
AD4,13,2024,2024-01-12,11.3708333333333,4,12,378,1757.28,0,3.95,3.26,4.14,2.07,30,17.17,AD4a,a,2,1,11.8858760291291,FALSE,11.3708333333333
AD4,14,2024,2024-01-13,11.4135416666667,4,12,379,1757.28,0,3.95,2.29,4.77,3.41,30,17.01,AD4a,a,2,1,11.7319809373393,FALSE,11.4135416666667
AD4,15,2024,2024-01-14,11.39,4,12,380,1757.28,0,3.95,-1.61,2.34,3.08,30,16.83,AD4a,a,3,1,11.6092883874743,FALSE,11.39
AD4,16,2024,2024-01-15,11.3827083333333,4,12,381,1757.28,0,3.95,-3.4,-0.5,2.31,30,16.62,AD4a,a,3,1,11.4499177761894,FALSE,11.3827083333333
AD4,17,2024,2024-01-16,11.365,4,12,382,1757.28,0,3.95,-0.64,-0.02,1.98,30,16.41,AD4a,a,3,1,11.2448863792644,FALSE,11.365
AD4,18,2024,2024-01-17,11.32875,4,12,383,1757.28,0,3.95,-1.95,0.71,0.94,30,16.22,AD4a,a,3,1,11.1129774970832,FALSE,11.32875
AD4,19,2024,2024-01-18,11.2608333333333,4,12,384,1757.28,0,3.95,0.59,1.32,0.6,30,16.03,AD4a,a,3,1,10.9425473174547,FALSE,11.2608333333333
AD4,20,2024,2024-01-19,11.18125,4,12,385,1757.28,0,3.95,3.8,4.19,1.68,30,15.87,AD4a,a,3,1,10.7900779433059,FALSE,11.18125
AD4,21,2024,2024-01-20,11.0979166666667,4,12,386,1757.28,0,3.95,2.31,5.06,2.82,30,15.72,AD4a,a,3,1,10.7086109296673,FALSE,11.0979166666667
AD4,22,2024,2024-01-21,11.0629166666667,4,12,387,1757.28,0,3.95,6.3,6.31,4.21,30,15.59,AD4a,a,4,1,10.5767871568432,FALSE,11.0629166666667
AD4,23,2024,2024-01-22,10.9914583333333,4,12,388,1757.28,0,3.95,5.69,8,5.74,30,15.48,AD4a,a,4,1,10.5178580797785,FALSE,10.9914583333333
AD4,24,2024,2024-01-23,10.92,4,12,389,1757.28,0,3.95,7.82,8.76,7.19,30,15.38,AD4a,a,4,1,10.4346790275199,FALSE,10.92
AD4,25,2024,2024-01-24,10.94,4,12,390,1757.28,0,3.95,5.78,8.8,7.58,30,15.29,AD4a,a,4,1,10.4119838821349,FALSE,10.94
AD4,26,2024,2024-01-25,10.883125,4,12,391,1757.28,0,3.95,5.92,7.85,8.3,30,15.19,AD4a,a,4,1,10.3612791162333,FALSE,10.883125
AD4,27,2024,2024-01-26,10.9179166666667,4,12,392,1757.28,0,3.95,4.93,7.43,8.03,30,15.08,AD4a,a,4,1,10.3239176760981,FALSE,10.9179166666667
AD4,28,2024,2024-01-27,10.89625,4,12,393,1757.28,0,3.95,3.92,6.43,7.68,30,14.97,AD4a,a,4,1,10.2908304565947,FALSE,10.89625
AD4,29,2024,2024-01-28,10.8866666666667,4,12,394,1757.28,0,3.95,4.59,6.25,7.03,30,14.86,AD4a,a,5,1,10.2408389728439,FALSE,10.8866666666667
AD4,30,2024,2024-01-29,10.8354166666667,4,12,395,1757.28,0,3.95,6.07,7.33,7.09,30,14.76,AD4a,a,5,1,10.1884852695944,FALSE,10.8354166666667
AD4,31,2024,2024-01-30,10.7870833333333,4,12,396,1757.28,0,3.95,4.82,7.44,6.87,30,14.65,AD4a,a,5,1,10.1693743486343,FALSE,10.7870833333333
AD4,32,2024,2024-01-31,10.7279166666667,4,12,397,1757.28,0,3.95,5.21,7.01,6.92,30,14.55,AD4a,a,5,2,10.1370223405315,FALSE,10.7279166666667
AD4,33,2024,2024-02-01,10.6908333333333,4,12,398,1757.28,0,3.95,6.19,7.7,7.37,30,14.46,AD4a,a,5,2,10.1038090249958,FALSE,10.6908333333333
AD4,34,2024,2024-02-02,10.6272916666667,4,12,399,1757.28,0,3.95,7.04,8.62,7.87,30,14.37,AD4a,a,5,2,10.0747505716923,FALSE,10.6272916666667
AD4,37,2024,2024-02-06,10.516122754491,4,167,402,1757.28,0,3.95,6.24,8.17,8.4,30,14.11,AD4a,a,6,2,10.0460170794533,FALSE,10.516122754491
AD4,38,2024,2024-02-06,10.5352083333333,4,12,403,1757.28,0,3.95,2.14,6.19,7.59,30,14.01,AD4a,a,6,2,10.084322561085,FALSE,10.5352083333333
AD4,39,2024,2024-02-07,10.56375,4,12,404,1757.28,0,3.95,0.24,3.19,6.23,30,13.89,AD4a,a,6,2,10.0923910887272,FALSE,10.56375
AD4,40,2024,2024-02-08,10.5685416666667,4,12,405,1757.28,0,3.95,0.08,2.16,4.96,30,13.75,AD4a,a,6,2,10.0765275820282,FALSE,10.5685416666667
AD4,41,2024,2024-02-09,10.48375,4,12,406,1757.28,0,3.95,1.61,2.85,4.06,30,13.61,AD4a,a,6,2,10.042694575783,FALSE,10.48375
AD4,44,2024,2024-02-13,9.86336538461538,4,78,409,1757.28,0,3.95,5.03,6.31,4.45,30,13.26,AD4a,a,7,2,9.98596776328067,FALSE,9.86336538461538
AD4,45,2024,2024-02-13,9.89791666666667,4,12,410,1757.28,0,3.95,5.23,7.13,5.48,30,13.17,AD4a,a,7,2,9.98768688036631,FALSE,9.89791666666667
AD4,46,2024,2024-02-14,9.94583333333333,4,12,411,1757.28,0,3.95,8.11,8.67,6.78,30,13.09,AD4a,a,7,2,9.95926018151963,FALSE,9.94583333333333
AD4,47,2024,2024-02-15,9.98791666666667,4,12,412,1757.28,0,3.95,8.72,10.41,8.13,30,13.04,AD4a,a,7,2,9.9650467730314,FALSE,9.98791666666667
AD4,48,2024,2024-02-16,10.0058333333333,4,12,413,1757.28,0,3.95,5.48,9.1,8.51,30,12.98,AD4a,a,7,2,10.0170041199021,FALSE,10.0058333333333
AD4,49,2024,2024-02-17,10.04,4,12,414,1757.28,0,3.95,5.74,7.61,8.65,30,12.91,AD4a,a,7,2,10.0244358792401,FALSE,10.04
AD4,50,2024,2024-02-18,10.08125,4,12,415,1757.28,0,3.95,6.15,7.94,8.84,30,12.84,AD4a,a,8,2,10.0304620812803,FALSE,10.08125
AD4,51,2024,2024-02-19,10.0977083333333,4,12,416,1757.28,0,3.95,6.44,8.3,8.51,30,12.77,AD4a,a,8,2,10.0383493042006,FALSE,10.0977083333333
AD4,52,2024,2024-02-20,10.1258333333333,4,12,417,1757.28,0,3.95,6.94,8.69,8.15,30,12.71,AD4a,a,8,2,10.0452903029567,FALSE,10.1258333333333
AD4,53,2024,2024-02-21,9.83,4,12,418,1757.28,0,3.95,7.64,9.29,8.58,30,12.66,AD4a,a,8,2,10.0511232909347,FALSE,9.83
AD4,54,2024,2024-02-22,9.86229166666667,4,12,419,1757.28,0,3.95,5.62,8.63,8.56,30,12.6,AD4a,a,8,2,10.0892876572198,FALSE,9.86229166666667
AD4,55,2024,2024-02-23,9.82604166666667,4,12,420,1757.28,0,3.95,4.34,6.98,8.2,30,12.53,AD4a,a,8,2,10.1171356359731,FALSE,9.82604166666667
AD4,56,2024,2024-02-24,9.79083333333333,4,12,421,1757.28,0,3.95,3.36,5.85,7.58,30,12.44,AD4a,a,8,2,10.1391518963515,FALSE,9.79083333333333
AD4,57,2024,2024-02-25,9.56604166666667,4,12,422,1757.28,0,3.95,3.49,5.42,6.89,30,12.35,AD4a,a,9,2,10.1476429018042,FALSE,9.56604166666667
AD4,58,2024,2024-02-26,9.705625,4,12,423,1757.28,0,3.95,0.67,4.08,5.5,30,12.25,AD4a,a,9,2,10.1917640659192,FALSE,9.705625
AD4,59,2024,2024-02-27,9.6525,4,12,424,1757.28,0,3.95,4.45,4.56,5.26,30,12.15,AD4a,a,9,2,10.1543855458503,FALSE,9.6525
AD4,60,2024,2024-02-28,9.685,4,12,425,1757.28,0,3.95,5.67,7.06,5.53,30,12.07,AD4a,a,9,2,10.1504547184438,FALSE,9.685
AD4,61,2024,2024-02-29,9.7325,4,12,426,1757.28,0,3.95,5.58,7.62,5.97,30,12,AD4a,a,9,3,10.1633279339387,FALSE,9.7325
AD4,62,2024,2024-03-01,9.73,4,12,427,1757.28,0,3.95,6.94,8.26,6.66,30,11.94,AD4a,a,9,3,10.1586792570906,FALSE,9.73
AD4,63,2024,2024-03-02,9.80020833333333,4,12,428,1757.28,0,3.95,6.86,8.9,7.9,30,11.89,AD4a,a,9,3,10.1720838620319,FALSE,9.80020833333333
AD4,64,2024,2024-03-03,9.81333333333333,4,12,429,1757.28,0,3.95,5.75,8.31,8.16,30,11.84,AD4a,a,10,3,10.1975988843293,FALSE,9.81333333333333
AD4,65,2024,2024-03-04,9.84125,4,12,430,1757.28,0,3.95,2.78,6.26,7.58,30,11.77,AD4a,a,10,3,10.2440609169619,FALSE,9.84125
AD4,66,2024,2024-03-05,9.89291666666667,4,12,431,1757.28,0,3.95,3.22,5,7.11,30,11.68,AD4a,a,10,3,10.2464088389938,FALSE,9.89291666666667
AD4,67,2024,2024-03-06,9.90083333333333,4,12,432,1757.28,0,3.95,1.54,4.38,6.03,30,11.59,AD4a,a,10,3,10.2744110052264,FALSE,9.90083333333333
AD4,68,2024,2024-03-07,9.9125,4,12,433,1757.28,0,3.95,1.48,3.51,4.95,30,11.49,AD4a,a,10,3,10.281109319881,FALSE,9.9125
AD4,69,2024,2024-03-08,9.90104166666667,4,12,434,1757.28,0,3.95,2.26,3.87,4.25,30,11.41,AD4a,a,10,3,10.277957242206,FALSE,9.90104166666667
AD4,70,2024,2024-03-09,9.86083333333333,4,12,435,1757.28,0,3.95,2.75,4.51,4.25,30,11.32,AD4a,a,10,3,10.2769785003558,FALSE,9.86083333333333
AD4,71,2024,2024-03-10,9.7975,4,12,436,1757.28,0,3.95,3.6,5.18,4.33,30,11.23,AD4a,a,11,3,10.2706895163947,FALSE,9.7975
AD4,72,2024,2024-03-11,9.72520833333333,4,12,437,1757.28,0,3.95,3.98,5.79,4.81,30,11.15,AD4a,a,11,3,10.2698656608003,FALSE,9.72520833333333
AD4,73,2024,2024-03-12,9.70020833333333,4,12,438,1757.28,0,3.95,7.2,7.59,5.96,30,11.09,AD4a,a,11,3,10.2340633481799,FALSE,9.70020833333333
AD4,74,2024,2024-03-13,9.6625,4,12,439,1757.28,0,3.95,9.09,10.14,7.32,30,11.06,AD4a,a,11,3,10.2153669949317,FALSE,9.6625
AD4,131,2024,2024-05-10,10.4434505862647,3,199,496,244.68,0,0.55,11.44,14.02,13.83,30,11.78,AD4a,a,19,5,9.49835430498615,FALSE,10.4434505862647
AD4,132,2024,2024-05-10,10.5043055555556,3,24,497,244.68,0,0.55,15.31,15.37,14.94,30,12.14,AD4a,a,19,5,9.583772714437,FALSE,10.5043055555556
AD4,133,2024,2024-05-11,10.5477777777778,3,24,498,244.68,0,0.55,14.82,17.06,15.6,30,12.65,AD4a,a,19,5,9.79868266080184,FALSE,10.5477777777778
AD4,134,2024,2024-05-12,10.5808333333333,3,24,499,244.68,0,0.55,14.63,16.72,15.76,30,13.07,AD4a,a,20,5,9.97958477124742,FALSE,10.5808333333333
AD4,135,2024,2024-05-13,10.90875,2,24,500,244.68,0,0.55,13.04,15.84,15.85,30,13.4,AD4a,a,20,5,10.1445730670099,FALSE,10.90875
AD4,136,2024,2024-05-14,10.9725,2,24,501,244.68,0,0.55,8.93,12.99,15.34,30,13.5,AD4a,a,20,5,10.236558992141,FALSE,10.9725
AD4,137,2024,2024-05-15,11.06,2,24,502,244.68,0,0.55,7.61,10.27,13.8,30,13.44,AD4a,a,20,5,10.2167982163482,FALSE,11.06
AD4,215,2023,2023-08-02,23.5258333333333,2,24,215,424.27,0,0.95,16.54,18.04,17.83,30,24.42,AD4a,a,31,8,24.4728485354631,FALSE,23.5258333333333
AD4,216,2023,2023-08-03,23.34375,2,24,216,424.27,0,0.95,15.85,18.2,17.88,30,24.23,AD4a,a,31,8,24.3027372380007,FALSE,23.34375
AD4,217,2023,2023-08-04,23.263125,2,24,217,424.27,0,0.95,16.09,17.97,17.94,30,24.07,AD4a,a,31,8,24.1570582932746,FALSE,23.263125
AD4,218,2023,2023-08-05,23.1441666666667,2,24,218,424.27,0,0.95,16.27,18.18,18.06,30,23.91,AD4a,a,31,8,24.0084647759247,FALSE,23.1441666666667
AD4,219,2023,2023-08-06,23.06375,2,24,219,424.27,0,0.95,14.34,17.31,17.82,30,23.69,AD4a,a,32,8,23.8017295665929,FALSE,23.06375
AD4,220,2023,2023-08-07,22.8785416666667,2,24,220,424.27,0,0.95,14.05,16.2,17.32,30,23.45,AD4a,a,32,8,23.5436208369421,FALSE,22.8785416666667
AD4,221,2023,2023-08-08,22.6533333333333,2,24,221,424.27,0,0.95,13.27,15.66,16.8,30,23.22,AD4a,a,32,8,23.3009368928195,FALSE,22.6533333333333
AD4,222,2023,2023-08-09,22.3629166666667,2,24,222,424.27,0,0.95,14.56,15.92,16.5,30,23.02,AD4a,a,32,8,23.0694583914886,FALSE,22.3629166666667
AD4,223,2023,2023-08-10,22.17125,2,24,223,424.27,0,0.95,18.13,18.35,16.87,30,22.9,AD4a,a,32,8,22.9152471721998,FALSE,22.17125
AD4,224,2023,2023-08-11,22.0365384615385,2,14,224,424.27,0,0.95,17.83,19.98,17.57,30,22.77,AD4a,a,32,8,22.7924360526861,FALSE,22.0365384615385
AD4,225,2023,2023-08-13,21.9486363636364,2,11,225,424.27,0,0.95,17.16,19.5,18.19,30,22.64,AD4a,a,32,8,22.6713884535619,FALSE,21.9486363636364
AD4,226,2023,2023-08-14,21.9514130434783,2,92,226,424.27,0,0.95,18.35,19.76,19.21,30,22.58,AD4a,a,33,8,22.620786166379,FALSE,21.9514130434783
AD4,227,2023,2023-08-14,22.0122916666667,2,24,227,424.27,0,0.95,17.97,20.16,19.89,30,22.55,AD4a,a,33,8,22.628715075889,FALSE,22.0122916666667
AD4,228,2023,2023-08-15,21.89375,2,24,228,424.27,0,0.95,16.39,19.18,19.54,30,22.49,AD4a,a,33,8,22.6080586628219,FALSE,21.89375
AD4,243,2023,2023-08-31,26.2279666666667,2,150,243,701.27,0,1.58,14.14,16.21,16.17,30,24.14,AD4a,a,35,8,25.3367368551696,FALSE,26.2279666666667
AD4,244,2023,2023-08-31,26.13875,2,24,244,701.27,0,1.58,15.18,16.66,16.4,30,23.99,AD4a,a,35,9,25.1225479043978,FALSE,26.13875
AD4,245,2023,2023-09-01,26.0172916666667,2,24,245,701.27,0,1.58,14.78,16.98,16.48,30,23.85,AD4a,a,35,9,24.9378375123665,FALSE,26.0172916666667
AD4,246,2023,2023-09-02,25.9889583333333,2,24,246,701.27,0,1.58,16.32,17.55,16.94,30,23.72,AD4a,a,35,9,24.7408480563486,FALSE,25.9889583333333
AD4,247,2023,2023-09-03,25.8070833333333,2,24,247,701.27,0,1.58,17.29,18.8,17.54,30,23.63,AD4a,a,36,9,24.6042096597026,FALSE,25.8070833333333
AD4,248,2023,2023-09-04,25.6797916666667,2,24,248,701.27,0,1.58,17.95,19.62,18.3,30,23.57,AD4a,a,36,9,24.5106414287009,FALSE,25.6797916666667
AD4,249,2023,2023-09-05,25.50625,2,24,249,701.27,0,1.58,18.46,20.21,18.96,30,23.53,AD4a,a,36,9,24.4441473022647,FALSE,25.50625
AD4,250,2023,2023-09-06,25.454375,2,24,250,701.27,0,1.58,19.1,20.78,19.82,30,23.49,AD4a,a,36,9,24.3735688288501,FALSE,25.454375
AD4,251,2023,2023-09-07,25.539375,2,24,251,701.27,0,1.58,19.83,21.47,20.53,30,23.47,AD4a,a,36,9,24.3268508624089,FALSE,25.539375
AD4,252,2023,2023-09-08,25.4489583333333,2,24,252,701.27,0,1.58,20.41,22.12,21.15,30,23.47,AD4a,a,36,9,24.3067232207037,FALSE,25.4489583333333
AD4,253,2023,2023-09-09,25.3564583333333,2,24,253,701.27,0,1.58,17.82,21.12,21.12,30,23.44,AD4a,a,36,9,24.2820896988183,FALSE,25.3564583333333
AD4,254,2023,2023-09-10,25.3108333333333,2,24,254,701.27,0,1.58,19.68,20.75,21.37,30,23.39,AD4a,a,37,9,24.1726964048279,FALSE,25.3108333333333
AD4,295,2023,2023-10-21,9.7675,1,24,295,111.22,0,0.25,9.83,10.95,9.71,30,11.03,AD4a,a,42,10,10.6743346404752,FALSE,9.7675
AD4,296,2023,2023-10-22,9.46166666666667,1,24,296,111.22,0,0.25,8.81,11.32,9.82,30,10.93,AD4a,a,43,10,10.7250874347668,FALSE,9.46166666666667
AD4,297,2023,2023-10-23,9.31416666666667,1,24,297,111.22,0,0.25,8.93,10.87,10.12,30,10.79,AD4a,a,43,10,10.7377194453952,FALSE,9.31416666666667
AD4,298,2023,2023-10-24,10.6266666666667,1,24,298,111.22,0,0.25,9.69,11.31,11.07,30,10.7,AD4a,a,43,10,10.7885558384022,FALSE,10.6266666666667
AD4,299,2023,2023-10-25,11,1,24,299,111.22,0,0.25,8.07,10.88,11.07,30,10.59,AD4a,a,43,10,10.8610284141441,FALSE,11
AD4,300,2023,2023-10-26,11.0875,1,24,300,111.22,0,0.25,6.9,9.49,10.48,30,10.35,AD4a,a,43,10,10.8451236111422,FALSE,11.0875
AD4,301,2023,2023-10-27,10.8175,1,24,301,111.22,0,0.25,7.14,9.02,10.15,30,10.08,AD4a,a,43,10,10.8061691927608,FALSE,10.8175
AD4,302,2023,2023-10-28,10.7325,1,24,302,111.22,0,0.25,10.34,10.74,10.43,30,10.03,AD4a,a,43,10,10.8891464689747,FALSE,10.7325
AD4,303,2023,2023-10-29,11.56,1,12,303,111.22,0,0.25,10.8,12.57,10.65,30,10.18,AD4a,a,44,10,11.1352318316441,FALSE,11.56
AD4,304,2023,2023-10-30,11.975,1,12,304,111.22,0,0.25,4.33,9.57,9.9,30,9.99,AD4a,a,44,10,11.2602425552269,FALSE,11.975
AD4,305,2023,2023-10-31,11.295,1,12,305,111.22,0,0.25,4.74,6.54,9.47,30,9.51,AD4a,a,44,11,11.1493476791718,FALSE,11.295
AD4,315,2023,2023-11-10,14.9108333333333,1,12,315,622.83,0,1.4,6.27,8.53,9.63,30,23.6,AD4a,a,45,11,16.7694516309314,FALSE,14.9108333333333
AD4,316,2023,2023-11-11,14.8941666666667,1,12,316,622.83,0,1.4,5.63,7.95,9.09,30,23.15,AD4a,a,45,11,16.4165554076658,FALSE,14.8941666666667
AD4,317,2023,2023-11-12,14.9108333333333,1,12,317,622.83,0,1.4,5.38,7.51,8.47,30,22.71,AD4a,a,46,11,16.0865946378079,FALSE,14.9108333333333
AD4,318,2023,2023-11-13,14.835,1,12,318,622.83,0,1.4,6.56,7.97,8.13,30,22.27,AD4a,a,46,11,15.7648271426225,FALSE,14.835
AD4,319,2023,2023-11-14,14.8708333333333,1,12,319,622.83,0,1.4,4.49,7.52,7.67,30,21.84,AD4a,a,46,11,15.5111141526685,FALSE,14.8708333333333
AD4,320,2023,2023-11-15,14.59,1,12,320,622.83,0,1.4,3.54,6.01,7.12,30,21.39,AD4a,a,46,11,15.2684361880284,FALSE,14.59
AD4,321,2023,2023-11-16,14.785,1,12,321,622.83,0,1.4,3.47,5.5,6.69,30,20.93,AD4a,a,46,11,15.0431966421025,FALSE,14.785
AD4,322,2023,2023-11-17,14.735,1,12,322,622.83,0,1.4,3.46,5.46,6.3,30,20.49,AD4a,a,46,11,14.8478651342591,FALSE,14.735
AD4,323,2023,2023-11-18,14.8716666666667,1,12,323,622.83,0,1.4,7,7.23,6.39,30,20.09,AD4a,a,46,11,14.6373662543298,FALSE,14.8716666666667
AD4,324,2023,2023-11-19,14.9491666666667,1,12,324,622.83,0,1.4,7.05,9.03,6.9,30,19.74,AD4a,a,47,11,14.4943509392517,FALSE,14.9491666666667
AD4,325,2023,2023-11-20,14.9225,1,12,325,622.83,0,1.4,4.08,7.56,7.01,30,19.36,AD4a,a,47,11,14.4158787157692,FALSE,14.9225
AD4,327,2023,2023-11-23,14.0136726804124,4,194,327,622.83,0,1.4,8.95,8.18,8.1,30,18.63,AD4a,a,47,11,14.2020809575667,FALSE,14.0136726804124
AD4,328,2023,2023-11-23,13.9939583333333,4,12,328,622.83,0,1.4,2.54,7.74,7.2,30,18.3,AD4a,a,47,11,14.237532467311,FALSE,13.9939583333333
AD4,329,2023,2023-11-24,14.00125,4,12,329,622.83,0,1.4,1.58,4.06,6.11,30,17.9,AD4a,a,47,11,14.2489462621587,FALSE,14.00125
AD4,330,2023,2023-11-25,13.9591666666667,4,12,330,889.76,0,2,-0.7,2.44,5.15,30,19.65,AD4a,a,47,11,13.6569913145978,FALSE,13.9591666666667
AD4,331,2023,2023-11-26,13.855625,4,12,331,889.76,0,2,0.63,1.96,4.6,30,20.83,AD4a,a,48,11,13.0668826394422,FALSE,13.855625
AD4,332,2023,2023-11-27,13.805,4,12,332,889.76,0,2,-3.98,0.32,2.01,30,20.41,AD4a,a,48,11,13.0672994560449,FALSE,13.805
AD4,333,2023,2023-11-28,13.7827083333333,4,12,333,889.76,0,2,-5.3,-2.64,0.44,30,19.95,AD4a,a,48,11,13.077496567912,FALSE,13.7827083333333
AD4,334,2023,2023-11-29,13.76875,4,12,334,889.76,0,2,-4.78,-3.04,-0.83,30,19.48,AD4a,a,48,11,13.1072156524085,FALSE,13.76875
AD4,335,2023,2023-11-30,13.6775,4,12,335,889.76,0,2,-4.07,-2.42,-1.5,30,19.02,AD4a,a,48,12,13.1686456352063,FALSE,13.6775
AD4,336,2023,2023-12-01,13.6177083333333,4,12,336,889.76,0,2,-5.29,-2.68,-2.68,30,18.57,AD4a,a,48,12,13.2875267687982,FALSE,13.6177083333333
AD4,340,2023,2023-12-06,13.2602727272727,4,110,340,889.76,0,2,0.29,2.29,0.44,30,17.05,AD4a,a,49,12,13.8225918650948,FALSE,13.2602727272727
AD4,341,2023,2023-12-06,13.2422916666667,4,12,341,1112.2,0,2.5,0.45,2.37,1.59,30,18.2,AD4a,a,49,12,12.8267726118525,FALSE,13.2422916666667
AD4,348,2023,2023-12-14,12.7563212435233,4,193,348,1112.2,0,2.5,-0.25,2.02,3.94,30,17.49,AD4a,a,50,12,12.7399453321318,FALSE,12.7563212435233
AD4,349,2023,2023-12-15,12.6323154362416,4,149,349,1112.2,0,2.5,5.2,4.47,4.26,30,17.25,AD4a,a,50,12,12.8639921081892,FALSE,12.6323154362416
AD4,350,2023,2023-12-15,12.608125,4,12,350,1112.2,0,2.5,7.52,8.36,4.97,30,17.06,AD4a,a,50,12,12.9877666984281,FALSE,12.608125
AD4,351,2023,2023-12-16,12.490625,4,12,351,1334.64,0,3,7.93,9.72,6.14,30,18.1,AD4a,a,50,12,11.5166002527021,FALSE,12.490625
AD4,1,2023,,,,,1,1557.08,0,3.5,5.44,7.42,8.05,30,14.94,AD4a,a,52,1,10.1660192762217,TRUE,10.1660192762217
AD4,2,2023,,,,,2,1557.08,0,3.5,4.26,6.85,7.3,30,14.82,AD4a,a,1,1,10.05822167508,TRUE,10.05822167508
AD4,3,2023,,,,,3,1557.08,0,3.5,1.4,4.83,6.19,30,14.68,AD4a,a,1,1,9.95819931290382,TRUE,9.95819931290382
AD4,4,2023,,,,,4,1557.08,0,3.5,-2.78,1.31,4.74,30,14.5,AD4a,a,1,1,9.84337796969274,TRUE,9.84337796969274
AD4,5,2023,,,,,5,1557.08,0,3.5,-4.12,-1.45,2.84,30,14.29,AD4a,a,1,1,9.6751461605605,TRUE,9.6751461605605
AD4,6,2023,,,,,6,1557.08,0,3.5,-3.33,-1.73,1.09,30,14.08,AD4a,a,1,1,9.49240106807841,TRUE,9.49240106807841
AD4,7,2023,,,,,7,1557.08,0,3.5,-6.01,-2.67,-0.97,30,13.86,AD4a,a,1,1,9.35507076742197,TRUE,9.35507076742197
AD4,8,2023,,,,,8,1757.28,0,3.95,-5.23,-3.62,-2.29,30,14.63,AD4a,a,1,1,10.0497928160008,TRUE,10.0497928160008
AD4,35,2023,,,,,35,1757.28,0,3.95,6.42,8.73,7.94,30,12.29,AD4a,a,5,2,9.43631742626768,TRUE,9.43631742626768
AD4,36,2023,,,,,36,1757.28,0,3.95,6.1,8.26,8.19,30,12.23,AD4a,a,5,2,9.46345380459845,TRUE,9.46345380459845
AD4,42,2023,,,,,42,1757.28,0,3.95,1.95,3.78,3.2,30,11.64,AD4a,a,6,2,9.61022925858623,TRUE,9.61022925858623
AD4,43,2023,,,,,43,1757.28,0,3.95,3.58,4.76,3.49,30,11.54,AD4a,a,6,2,9.60942491545578,TRUE,9.60942491545578
AD4,75,2023,,,,,75,1757.28,0,3.95,9.91,11.5,8.76,30,9.8,AD4a,a,11,3,10.1379405254979,TRUE,10.1379405254979
AD4,76,2023,,,,,76,1757.28,0,3.95,6.31,10.11,9.3,30,9.79,AD4a,a,11,3,10.1855188096348,TRUE,10.1855188096348
AD4,77,2023,,,,,77,1757.28,0,3.95,2.6,6.45,9.02,30,9.76,AD4a,a,11,3,10.2318376398775,TRUE,10.2318376398775
AD4,78,2023,,,,,78,1757.28,0,3.95,3.97,5.28,8.37,30,9.71,AD4a,a,11,3,10.2126540451204,TRUE,10.2126540451204
AD4,79,2023,,,,,79,1757.28,0,3.95,5.22,6.59,7.6,30,9.67,AD4a,a,12,3,10.194032977882,TRUE,10.194032977882
AD4,80,2023,,,,,80,1757.28,0,3.95,8.37,8.79,7.29,30,9.66,AD4a,a,12,3,10.1522736632066,TRUE,10.1522736632066
AD4,81,2023,,,,,81,1757.28,0,3.95,7.47,9.92,7.53,30,9.65,AD4a,a,12,3,10.1591799475364,TRUE,10.1591799475364
AD4,82,2023,,,,,82,1757.28,0,3.95,7.31,9.39,8.47,30,9.65,AD4a,a,12,3,10.1561889450562,TRUE,10.1561889450562
AD4,83,2023,,,,,83,1757.28,0,3.95,5.48,8.39,8.77,30,9.63,AD4a,a,12,3,10.1711123713064,TRUE,10.1711123713064
AD4,84,2023,,,,,84,1757.28,0,3.95,5.54,7.51,8.84,30,9.61,AD4a,a,12,3,10.1612182007119,TRUE,10.1612182007119
AD4,85,2023,,,,,85,1454.76,0,3.27,4.58,7.06,8.08,30,9.58,AD4a,a,12,3,10.1617519470051,TRUE,10.1617519470051
AD4,86,2023,,,,,86,1454.76,0,3.27,5.54,7.06,7.69,30,9.55,AD4a,a,13,3,10.1370410432735,TRUE,10.1370410432735
AD4,87,2023,,,,,87,1454.76,0,3.27,8.51,9.02,7.93,30,9.54,AD4a,a,13,3,10.0876012376576,TRUE,10.0876012376576
AD4,88,2023,,,,,88,1454.76,0,3.27,6.55,9.53,8.14,30,9.53,AD4a,a,13,3,10.0977803767914,TRUE,10.0977803767914
AD4,89,2023,,,,,89,1454.76,0,3.27,7.58,9.06,8.55,30,9.51,AD4a,a,13,3,10.0687432472574,TRUE,10.0687432472574
AD4,90,2023,,,,,90,1454.76,0,3.27,8.87,10.22,9.41,30,9.51,AD4a,a,13,3,10.0369448749228,TRUE,10.0369448749228
AD4,91,2023,,,,,91,1454.76,0,3.27,7.58,10.22,9.82,30,9.51,AD4a,a,13,4,10.0358244709994,TRUE,10.0358244709994
AD4,92,2023,,,,,92,1152.24,0,2.59,7.03,9.31,9.52,30,9.5,AD4a,a,13,4,10.023314631815,TRUE,10.023314631815
AD4,93,2023,,,,,93,1152.24,0,2.59,4.78,7.91,9.17,30,9.46,AD4a,a,14,4,10.0273179509097,TRUE,10.0273179509097
AD4,94,2023,,,,,94,1152.24,0,2.59,2.71,5.75,8.19,30,9.4,AD4a,a,14,4,10.0252601193604,TRUE,10.0252601193604
AD4,95,2023,,,,,95,1152.24,0,2.59,7.62,7.17,7.94,30,9.36,AD4a,a,14,4,9.93742659033711,TRUE,9.93742659033711
AD4,96,2023,,,,,96,1152.24,0,2.59,8.45,10.04,8.12,30,9.35,AD4a,a,14,4,9.90215739421471,TRUE,9.90215739421471
AD4,97,2023,,,,,97,1152.24,0,2.59,12.82,12.64,9.28,30,9.38,AD4a,a,14,4,9.82701514506269,TRUE,9.82701514506269
AD4,98,2023,,,,,98,1152.24,0,2.59,13.1,14.96,10.94,30,9.47,AD4a,a,14,4,9.80980680710611,TRUE,9.80980680710611
AD4,99,2023,,,,,99,849.72,0,1.91,12.64,14.87,12.93,30,9.58,AD4a,a,14,4,9.80459770692954,TRUE,9.80459770692954
AD4,100,2023,,,,,100,849.72,0,1.91,10.65,13.64,13.53,30,9.67,AD4a,a,15,4,9.81570482765692,TRUE,9.81570482765692
AD4,101,2023,,,,,101,849.72,0,1.91,8.22,11.43,13.49,30,9.72,AD4a,a,15,4,9.82624746697996,TRUE,9.82624746697996
AD4,102,2023,,,,,102,849.72,0,1.91,10.14,11.18,12.95,30,9.76,AD4a,a,15,4,9.78107707949662,TRUE,9.78107707949662
AD4,103,2023,,,,,103,849.72,0,1.91,10.25,12.2,12.38,30,9.8,AD4a,a,15,4,9.75790238532124,TRUE,9.75790238532124
AD4,104,2023,,,,,104,849.72,0,1.91,11.04,12.65,12.06,30,9.86,AD4a,a,15,4,9.72947898618001,TRUE,9.72947898618001
AD4,105,2023,,,,,105,849.72,0,1.91,7.98,11.51,11.53,30,9.91,AD4a,a,15,4,9.74683259671662,TRUE,9.74683259671662
AD4,106,2023,,,,,106,547.2,0,1.23,6.55,9.27,11.19,30,9.92,AD4a,a,15,4,9.73629750240318,TRUE,9.73629750240318
AD4,107,2023,,,,,107,547.2,0,1.23,7.31,8.93,10.63,30,9.93,AD4a,a,16,4,9.69799139869964,TRUE,9.69799139869964
AD4,108,2023,,,,,108,547.2,0,1.23,5.99,8.65,9.78,30,9.94,AD4a,a,16,4,9.68474979451252,TRUE,9.68474979451252
AD4,109,2023,,,,,109,547.2,0,1.23,5.46,7.73,8.66,30,9.9,AD4a,a,16,4,9.65038812233753,TRUE,9.65038812233753
AD4,110,2023,,,,,110,547.2,0,1.23,4.84,7.15,8.03,30,9.83,AD4a,a,16,4,9.60902317344369,TRUE,9.60902317344369
AD4,111,2023,,,,,111,547.2,0,1.23,3.89,6.37,7.5,30,9.75,AD4a,a,16,4,9.5674812400977,TRUE,9.5674812400977
AD4,112,2023,,,,,112,547.2,0,1.23,5.6,6.74,7.16,30,9.72,AD4a,a,16,4,9.50288115923285,TRUE,9.50288115923285
AD4,113,2023,,,,,113,244.68,0,0.55,3.9,6.75,6.74,30,9.69,AD4a,a,16,4,9.47917629679859,TRUE,9.47917629679859
AD4,114,2023,,,,,114,244.68,0,0.55,3.98,5.94,6.44,30,9.55,AD4a,a,17,4,9.40388649938532,TRUE,9.40388649938532
AD4,115,2023,,,,,115,244.68,0,0.55,5.1,6.54,6.49,30,9.4,AD4a,a,17,4,9.30980675375435,TRUE,9.30980675375435
AD4,116,2023,,,,,116,244.68,0,0.55,4.84,6.97,6.68,30,9.31,AD4a,a,17,4,9.24583411310331,TRUE,9.24583411310331
AD4,117,2023,,,,,117,244.68,0,0.55,4.58,6.71,6.48,30,9.2,AD4a,a,17,4,9.17375055421051,TRUE,9.17375055421051
AD4,118,2023,,,,,118,244.68,0,0.55,7.49,8.04,7.2,30,9.19,AD4a,a,17,4,9.08908628946279,TRUE,9.08908628946279
AD4,119,2023,,,,,119,244.68,0,0.55,12.9,12.2,8.98,30,9.42,AD4a,a,17,4,9.04555693472319,TRUE,9.04555693472319
AD4,120,2023,,,,,120,244.68,0,0.55,6.6,11.75,9.28,30,9.67,AD4a,a,17,4,9.15693362848576,TRUE,9.15693362848576
AD4,121,2023,,,,,121,244.68,0,0.55,9.78,10.19,10.27,30,9.88,AD4a,a,18,5,9.14242072022499,TRUE,9.14242072022499
AD4,122,2023,,,,,122,244.68,0,0.55,6.73,10.26,10.7,30,10.08,AD4a,a,18,5,9.20524392540597,TRUE,9.20524392540597
AD4,123,2023,,,,,123,244.68,0,0.55,6.92,8.83,10.59,30,10.2,AD4a,a,18,5,9.20399874194351,TRUE,9.20399874194351
AD4,124,2023,,,,,124,244.68,0,0.55,7.45,9.18,9.5,30,10.28,AD4a,a,18,5,9.18634328678921,TRUE,9.18634328678921
AD4,125,2023,,,,,125,244.68,0,0.55,7.76,9.6,9.73,30,10.33,AD4a,a,18,5,9.16166201416597,TRUE,9.16166201416597
AD4,126,2023,,,,,126,244.68,0,0.55,6.07,8.92,8.99,30,10.28,AD4a,a,18,5,9.12481684021991,TRUE,9.12481684021991
AD4,127,2023,,,,,127,244.68,0,0.55,9.77,9.92,9.59,30,10.32,AD4a,a,18,5,9.05453113491425,TRUE,9.05453113491425
AD4,128,2023,,,,,128,244.68,0,0.55,11.51,12.64,10.51,30,10.63,AD4a,a,19,5,9.1159496067482,TRUE,9.1159496067482
AD4,129,2023,,,,,129,244.68,0,0.55,13.84,14.67,11.79,30,11.03,AD4a,a,19,5,9.21303228286233,TRUE,9.21303228286233
AD4,130,2023,,,,,130,244.68,0,0.55,12.6,15.22,12.76,30,11.37,AD4a,a,19,5,9.337571448915,TRUE,9.337571448915
AD4,138,2023,,,,,138,244.68,0,0.55,10.16,10.88,12.87,30,13.36,AD4a,a,20,5,10.137597206134,TRUE,10.137597206134
AD4,139,2023,,,,,139,244.68,0,0.55,11.43,12.79,12.23,30,13.53,AD4a,a,20,5,10.2023831517802,TRUE,10.2023831517802
AD4,140,2023,,,,,140,244.68,0,0.55,12.4,13.91,12.1,30,13.76,AD4a,a,20,5,10.3067504795102,TRUE,10.3067504795102
AD4,141,2023,,,,,141,244.68,0,0.55,15.12,15.76,13.34,30,14.06,AD4a,a,20,5,10.4329319451791,TRUE,10.4329319451791
AD4,142,2023,,,,,142,244.68,0,0.55,17.29,18.2,15.28,30,14.4,AD4a,a,21,5,10.5952354068012,TRUE,10.5952354068012
AD4,143,2023,,,,,143,244.68,0,0.55,10.87,16.08,15.42,30,14.55,AD4a,a,21,5,10.7641066272021,TRUE,10.7641066272021
AD4,144,2023,,,,,144,244.68,0,0.55,12.47,13.67,15.63,30,14.66,AD4a,a,21,5,10.8142504343342,TRUE,10.8142504343342
AD4,145,2023,,,,,145,244.68,0,0.55,11.22,13.84,15.39,30,14.87,AD4a,a,21,5,10.9614507887926,TRUE,10.9614507887926
AD4,146,2023,,,,,146,244.68,0,0.55,10.56,12.89,14.48,30,15.02,AD4a,a,21,5,11.0702782739874,TRUE,11.0702782739874
AD4,147,2023,,,,,147,244.68,0,0.55,10.71,12.64,13.17,30,15.14,AD4a,a,21,5,11.154325233415,TRUE,11.154325233415
AD4,148,2023,,,,,148,244.68,0,0.55,11.14,12.92,13.22,30,15.25,AD4a,a,21,5,11.2316205677272,TRUE,11.2316205677272
AD4,149,2023,,,,,149,244.68,0,0.55,10.99,13.06,12.92,30,15.36,AD4a,a,22,5,11.3188416329719,TRUE,11.3188416329719
AD4,150,2023,,,,,150,124.74,0,0.28,14.68,14.84,13.62,30,15.71,AD4a,a,22,5,11.51766430104,TRUE,11.51766430104
AD4,151,2023,,,,,151,124.74,0,0.28,12.11,15.4,13.93,30,16.12,AD4a,a,22,5,11.8423167754473,TRUE,11.8423167754473
AD4,152,2023,,,,,152,124.74,0,0.28,13.07,14.59,14.4,30,16.42,AD4a,a,22,6,12.0590552263004,TRUE,12.0590552263004
AD4,153,2023,,,,,153,124.74,0,0.28,13.31,15.19,14.83,30,16.76,AD4a,a,22,6,12.3196226215595,TRUE,12.3196226215595
AD4,154,2023,,,,,154,124.74,0,0.28,12.9,15.1,15.21,30,17.08,AD4a,a,22,6,12.5826190256123,TRUE,12.5826190256123
AD4,155,2023,,,,,155,124.74,0,0.28,11.43,14.17,14.56,30,17.22,AD4a,a,22,6,12.7384288783456,TRUE,12.7384288783456
AD4,156,2023,,,,,156,124.74,0,0.28,12.34,13.89,14.61,30,17.27,AD4a,a,23,6,12.8031171553501,TRUE,12.8031171553501
AD4,157,2023,,,,,157,124.74,0,0.28,12.68,14.51,14.53,30,17.42,AD4a,a,23,6,12.949829473467,TRUE,12.949829473467
AD4,158,2023,,,,,158,124.74,0,0.28,12.92,14.8,14.46,30,17.57,AD4a,a,23,6,13.101520287864,TRUE,13.101520287864
AD4,159,2023,,,,,159,124.74,0,0.28,13.47,15.2,14.57,30,17.76,AD4a,a,23,6,13.2835483172296,TRUE,13.2835483172296
AD4,160,2023,,,,,160,124.74,0,0.28,15.03,16.25,15.29,30,18.07,AD4a,a,23,6,13.5505593884284,TRUE,13.5505593884284
AD4,161,2023,,,,,161,124.74,0,0.28,16.91,17.97,16.2,30,18.52,AD4a,a,23,6,13.9311566620619,TRUE,13.9311566620619
AD4,162,2023,,,,,162,124.74,0,0.28,17.13,19.02,17.09,30,19.02,AD4a,a,23,6,14.3831295780484,TRUE,14.3831295780484
AD4,163,2023,,,,,163,124.74,0,0.28,18.12,19.62,18.13,30,19.56,AD4a,a,24,6,14.87010724996,TRUE,14.87010724996
AD4,164,2023,,,,,164,124.74,0,0.28,17.55,19.83,18.95,30,20.1,AD4a,a,24,6,15.389441129635,TRUE,15.389441129635
AD4,165,2023,,,,,165,124.74,0,0.28,18.24,19.9,19.59,30,20.61,AD4a,a,24,6,15.88117947217,TRUE,15.88117947217
AD4,166,2023,,,,,166,124.74,0,0.28,17.14,19.69,19.64,30,20.84,AD4a,a,24,6,16.1704332084702,TRUE,16.1704332084702
AD4,167,2023,,,,,167,124.74,0,0.28,18.24,19.69,19.86,30,20.95,AD4a,a,24,6,16.3349521432471,TRUE,16.3349521432471
AD4,168,2023,,,,,168,124.74,0,0.28,18.24,20.24,19.88,30,21.17,AD4a,a,24,6,16.6112533522479,TRUE,16.6112533522479
AD4,169,2023,,,,,169,124.74,0,0.28,18.42,20.33,20.06,30,21.42,AD4a,a,24,6,16.9168668389285,TRUE,16.9168668389285
AD4,170,2023,,,,,170,124.74,0,0.28,17.77,20.1,19.96,30,21.51,AD4a,a,25,6,17.0955143373771,TRUE,17.0955143373771
AD4,171,2023,,,,,171,124.74,0,0.28,19.52,20.64,20.44,30,21.65,AD4a,a,25,6,17.2916537221627,TRUE,17.2916537221627
AD4,172,2023,,,,,172,124.74,0,0.28,17.85,20.68,20.36,30,21.78,AD4a,a,25,6,17.523962864404,TRUE,17.523962864404
AD4,173,2023,,,,,173,124.74,0,0.28,18.57,20.21,20.43,30,21.91,AD4a,a,25,6,17.7294739903017,TRUE,17.7294739903017
AD4,174,2023,,,,,174,124.74,0,0.28,16.84,19.71,20.11,30,22.07,AD4a,a,25,6,17.9962192458987,TRUE,17.9962192458987
AD4,175,2023,,,,,175,124.74,0,0.28,17.58,19.21,20.07,30,22.12,AD4a,a,25,6,18.1310348332916,TRUE,18.1310348332916
AD4,176,2023,,,,,176,124.74,0,0.28,19.54,20.56,20.08,30,22.22,AD4a,a,25,6,18.2997152205084,TRUE,18.2997152205084
AD4,177,2023,,,,,177,124.74,0,0.28,18.2,20.87,20.15,30,22.28,AD4a,a,26,6,18.472080627215,TRUE,18.472080627215
AD4,178,2023,,,,,178,124.74,0,0.28,15.54,18.87,19.54,30,22.26,AD4a,a,26,6,18.5827664920531,TRUE,18.5827664920531
AD4,179,2023,,,,,179,124.74,0,0.28,16.79,18.16,19.53,30,22.25,AD4a,a,26,6,18.6541426474469,TRUE,18.6541426474469
AD4,180,2023,,,,,180,124.74,0,0.28,18.24,19.52,19.66,30,22.18,AD4a,a,26,6,18.661774717736,TRUE,18.661774717736
AD4,181,2023,,,,,181,124.74,0,0.28,15.85,19.04,18.92,30,22.08,AD4a,a,26,6,18.6842085741946,TRUE,18.6842085741946
AD4,182,2023,,,,,182,124.74,0,0.28,15.55,17.7,18.39,30,21.8,AD4a,a,26,7,18.4924118547438,TRUE,18.4924118547438
AD4,183,2023,,,,,183,124.74,0,0.28,14.27,16.91,18.14,30,21.41,AD4a,a,26,7,18.1913973139572,TRUE,18.1913973139572
AD4,184,2023,,,,,184,124.74,0,0.28,13.71,15.99,17.52,30,21.11,AD4a,a,27,7,17.9672255068563,TRUE,17.9672255068563
AD4,185,2023,,,,,185,124.74,0,0.28,13.21,15.46,16.52,30,20.78,AD4a,a,27,7,17.7033977891735,TRUE,17.7033977891735
AD4,186,2023,,,,,186,124.74,0,0.28,12.57,14.89,15.86,30,20.26,AD4a,a,27,7,17.2295841516947,TRUE,17.2295841516947
AD4,187,2023,,,,,187,124.74,0,0.28,14.73,15.65,15.7,30,19.92,AD4a,a,27,7,16.9049523562087,TRUE,16.9049523562087
AD4,188,2023,,,,,188,124.74,0,0.28,16.88,17.8,16.22,30,20.04,AD4a,a,27,7,17.0767689919613,TRUE,17.0767689919613
AD4,189,2023,,,,,189,124.74,0,0.28,18.74,19.81,17.22,30,20.44,AD4a,a,27,7,17.563797199536,TRUE,17.563797199536
AD4,190,2023,,,,,190,124.74,0,0.28,20.38,21.56,18.66,30,20.95,AD4a,a,27,7,18.1839652576556,TRUE,18.1839652576556
AD4,191,2023,,,,,191,124.74,0,0.28,17.69,21.03,19.68,30,21.2,AD4a,a,28,7,18.5746301276944,TRUE,18.5746301276944
AD4,192,2023,,,,,192,124.74,0,0.28,17.94,19.81,20.32,30,21.21,AD4a,a,28,7,18.6606207434096,TRUE,18.6606207434096
AD4,193,2023,,,,,193,124.74,0,0.28,16.81,19.37,20.31,30,21.23,AD4a,a,28,7,18.7746321853267,TRUE,18.7746321853267
AD4,194,2023,,,,,194,124.74,0,0.28,16.03,18.42,19.77,30,21.27,AD4a,a,28,7,18.9070875881959,TRUE,18.9070875881959
AD4,195,2023,,,,,195,124.74,0,0.28,16.72,18.37,19.04,30,21.3,AD4a,a,28,7,19.0097254695857,TRUE,19.0097254695857
AD4,196,2023,,,,,196,124.74,0,0.28,19.65,20.18,19.43,30,21.43,AD4a,a,28,7,19.2018953146457,TRUE,19.2018953146457
AD4,197,2023,,,,,197,124.74,0,0.28,17.02,20.34,19.25,30,21.51,AD4a,a,28,7,19.4052497166837,TRUE,19.4052497166837
AD4,198,2023,,,,,198,124.74,0,0.28,15.76,18.39,19.03,30,21.43,AD4a,a,29,7,19.4014106878046,TRUE,19.4014106878046
AD4,199,2023,,,,,199,124.74,0,0.28,15.28,17.52,18.89,30,21.35,AD4a,a,29,7,19.3856071049984,TRUE,19.3856071049984
AD4,200,2023,,,,,200,124.74,0,0.28,13.97,16.63,18.34,30,21.13,AD4a,a,29,7,19.2082681838384,TRUE,19.2082681838384
AD4,201,2023,,,,,201,124.74,0,0.28,13.67,15.82,17.14,30,20.8,AD4a,a,29,7,18.8795931691153,TRUE,18.8795931691153
AD4,202,2023,,,,,202,272.92,0,0.61,14.13,15.9,16.56,30,23.81,AD4a,a,29,7,22.6360749332257,TRUE,22.6360749332257
AD4,203,2023,,,,,203,272.92,0,0.61,13.83,15.98,16.18,30,25.26,AD4a,a,29,7,24.5228246789497,TRUE,24.5228246789497
AD4,204,2023,,,,,204,272.92,0,0.61,15.17,16.5,16.15,30,24.8,AD4a,a,29,7,24.0348516845132,TRUE,24.0348516845132
AD4,205,2023,,,,,205,272.92,0,0.61,16.64,17.91,16.69,30,24.42,AD4a,a,30,7,23.6364362980527,TRUE,23.6364362980527
AD4,206,2023,,,,,206,272.92,0,0.61,14.01,17.33,16.76,30,24.12,AD4a,a,30,7,23.3819785136978,TRUE,23.3819785136978
AD4,207,2023,,,,,207,272.92,0,0.61,13.46,15.74,16.62,30,23.77,AD4a,a,30,7,23.032228883025,TRUE,23.032228883025
AD4,208,2023,,,,,208,272.92,0,0.61,15.76,16.61,17.01,30,23.47,AD4a,a,30,7,22.7042052207919,TRUE,22.7042052207919
AD4,209,2023,,,,,209,424.27,0,0.95,17.49,18.63,17.47,30,24.72,AD4a,a,30,7,24.3653118740974,TRUE,24.3653118740974
AD4,210,2023,,,,,210,424.27,0,0.95,17.48,19.49,17.64,30,25.53,AD4a,a,30,7,25.4966922607531,TRUE,25.4966922607531
AD4,211,2023,,,,,211,424.27,0,0.95,15.58,18.53,17.96,30,25.3,AD4a,a,30,7,25.3124255892125,TRUE,25.3124255892125
AD4,212,2023,,,,,212,424.27,0,0.95,15.8,17.69,18.42,30,25.08,AD4a,a,31,7,25.1099160548329,TRUE,25.1099160548329
AD4,213,2023,,,,,213,424.27,0,0.95,15.7,17.75,18.41,30,24.85,AD4a,a,31,8,24.8934428918355,TRUE,24.8934428918355
AD4,214,2023,,,,,214,424.27,0,0.95,15.53,17.62,18.02,30,24.63,AD4a,a,31,8,24.686143795284,TRUE,24.686143795284
AD4,229,2023,,,,,229,424.27,0,0.95,15.36,17.87,19.05,30,22.38,AD4a,a,33,8,22.5092511978746,TRUE,22.5092511978746
AD4,230,2023,,,,,230,424.27,0,0.95,17.51,18.43,19.11,30,22.27,AD4a,a,33,8,22.368699236512,TRUE,22.368699236512
AD4,231,2023,,,,,231,424.27,0,0.95,19.31,20.41,19.31,30,22.21,AD4a,a,33,8,22.2995293836938,TRUE,22.2995293836938
AD4,232,2023,,,,,232,424.27,0,0.95,18.57,20.94,19.43,30,22.19,AD4a,a,33,8,22.3152877466595,TRUE,22.3152877466595
AD4,233,2023,,,,,233,424.27,0,0.95,17.72,20.15,19.69,30,22.19,AD4a,a,34,8,22.3583125328138,TRUE,22.3583125328138
AD4,234,2023,,,,,234,424.27,0,0.95,18.01,19.87,20.22,30,22.19,AD4a,a,34,8,22.3853554126348,TRUE,22.3853554126348
AD4,235,2023,,,,,235,424.27,0,0.95,17.05,19.53,20.13,30,22.14,AD4a,a,34,8,22.356228272535,TRUE,22.356228272535
AD4,236,2023,,,,,236,424.27,0,0.95,16.7,18.88,19.61,30,22.08,AD4a,a,34,8,22.3035818843228,TRUE,22.3035818843228
AD4,237,2023,,,,,237,600.19,0,1.35,17.77,19.24,19.45,30,23.38,AD4a,a,34,8,24.1297977602949,TRUE,24.1297977602949
AD4,238,2023,,,,,238,701.28,0,1.58,14.99,18.38,18.91,30,24.69,AD4a,a,34,8,26.016420913122,TRUE,26.016420913122
AD4,239,2023,,,,,239,701.27,0,1.58,14,16.5,18.1,30,24.88,AD4a,a,34,8,26.3147947231696,TRUE,26.3147947231696
AD4,240,2023,,,,,240,701.27,0,1.58,14.4,16.2,17.57,30,24.7,AD4a,a,35,8,26.0765915404807,TRUE,26.0765915404807
AD4,241,2023,,,,,241,701.27,0,1.58,14.02,16.21,17.04,30,24.53,AD4a,a,35,8,25.8593290366356,TRUE,25.8593290366356
AD4,242,2023,,,,,242,701.27,0,1.58,14.28,16.15,16.34,30,24.34,AD4a,a,35,8,25.6037140323921,TRUE,25.6037140323921
AD4,255,2023,,,,,255,444.88,0,1,16.79,20.24,20.91,30,23.29,AD4a,a,37,9,24.0520427470115,TRUE,24.0520427470115
AD4,256,2023,,,,,256,444.88,0,1,13.3,17.05,19.6,30,23.1,AD4a,a,37,9,23.8157457049739,TRUE,23.8157457049739
AD4,257,2023,,,,,257,444.88,0,1,12.28,14.79,17.97,30,22.86,AD4a,a,37,9,23.4811835440489,TRUE,23.4811835440489
AD4,258,2023,,,,,258,444.88,0,1,15.05,15.66,17.42,30,22.65,AD4a,a,37,9,23.1399963919534,TRUE,23.1399963919534
AD4,259,2023,,,,,259,444.88,0,1,17.07,18.06,16.9,30,22.52,AD4a,a,37,9,22.914420683726,TRUE,22.914420683726
AD4,260,2023,,,,,260,444.88,0,1,17.96,19.51,17.13,30,22.41,AD4a,a,37,9,22.7283620970934,TRUE,22.7283620970934
AD4,261,2023,,,,,261,444.88,0,1,18.16,20.06,18.1,30,22.31,AD4a,a,38,9,22.5629084224835,TRUE,22.5629084224835
AD4,262,2023,,,,,262,444.88,0,1,14.83,18.49,18.61,30,22.15,AD4a,a,38,9,22.3615732140203,TRUE,22.3615732140203
AD4,263,2023,,,,,263,444.88,0,1,17.59,18.21,19.12,30,21.99,AD4a,a,38,9,22.084848790347,TRUE,22.084848790347
AD4,264,2023,,,,,264,444.88,0,1,17.26,19.42,19.16,30,21.88,AD4a,a,38,9,21.910939618547,TRUE,21.910939618547
AD4,265,2023,,,,,265,444.88,0,1,14.26,17.76,18.42,30,21.74,AD4a,a,38,9,21.7309764926762,TRUE,21.7309764926762
AD4,266,2023,,,,,266,444.88,0,1,13.01,15.64,17.39,30,21.55,AD4a,a,38,9,21.4657957538182,TRUE,21.4657957538182
AD4,267,2023,,,,,267,444.88,0,1,12.99,15,17.02,30,21.35,AD4a,a,38,9,21.1739142320265,TRUE,21.1739142320265
AD4,268,2023,,,,,268,444.88,0,1,14.53,15.76,16.41,30,21.17,AD4a,a,39,9,20.8893204791896,TRUE,20.8893204791896
AD4,269,2023,,,,,269,444.88,0,1,15.42,16.97,16.04,30,21.02,AD4a,a,39,9,20.6513521865514,TRUE,20.6513521865514
AD4,270,2023,,,,,270,444.88,0,1,16.46,17.94,16.48,30,20.9,AD4a,a,39,9,20.4493298355039,TRUE,20.4493298355039
AD4,271,2023,,,,,271,444.88,0,1,16.73,18.59,17.22,30,20.8,AD4a,a,39,9,20.281581851515,TRUE,20.281581851515
AD4,272,2023,,,,,272,444.88,0,1,15.14,17.94,17.66,30,20.66,AD4a,a,39,9,20.0885527385165,TRUE,20.0885527385165
AD4,273,2023,,,,,273,444.88,0,1,14.3,16.72,17.61,30,20.52,AD4a,a,39,9,19.8873443940279,TRUE,19.8873443940279
AD4,274,2023,,,,,274,111.22,0,0.25,14.22,16.26,17.37,30,20.12,AD4a,a,39,10,19.3704207431896,TRUE,19.3704207431896
AD4,275,2023,,,,,275,111.22,0,0.25,16.49,17.35,17.38,30,19.67,AD4a,a,40,10,18.7741002165826,TRUE,18.7741002165826
AD4,276,2023,,,,,276,111.22,0,0.25,14.34,17.42,16.9,30,19.26,AD4a,a,40,10,18.288710024802,TRUE,18.288710024802
AD4,277,2023,,,,,277,111.22,0,0.25,13.74,16.04,16.62,30,18.85,AD4a,a,40,10,17.7936069043206,TRUE,17.7936069043206
AD4,278,2023,,,,,278,111.22,0,0.25,12.63,15.19,16.29,30,18.48,AD4a,a,40,10,17.3599236645083,TRUE,17.3599236645083
AD4,279,2023,,,,,279,111.22,0,0.25,15.36,15.99,16.51,30,18.16,AD4a,a,40,10,16.9437533317218,TRUE,16.9437533317218
AD4,280,2023,,,,,280,111.22,0,0.25,11.77,15.56,15.57,30,17.76,AD4a,a,40,10,16.5261501849097,TRUE,16.5261501849097
AD4,281,2023,,,,,281,111.22,0,0.25,8.29,12.03,14.36,30,17.09,AD4a,a,40,10,15.8259972499648,TRUE,15.8259972499648
AD4,282,2023,,,,,282,111.22,0,0.25,9.76,11.03,13.56,30,16.35,AD4a,a,41,10,15.010339469653,TRUE,15.010339469653
AD4,283,2023,,,,,283,111.22,0,0.25,13.51,13.64,13.74,30,15.9,AD4a,a,41,10,14.494688019269,TRUE,14.494688019269
AD4,284,2023,,,,,284,111.22,0,0.25,14.3,15.91,13.53,30,15.7,AD4a,a,41,10,14.2887592281038,TRUE,14.2887592281038
AD4,285,2023,,,,,285,111.22,0,0.25,10.6,14.45,13.29,30,15.41,AD4a,a,41,10,14.0536026599774,TRUE,14.0536026599774
AD4,286,2023,,,,,286,111.22,0,0.25,12.45,13.52,14.13,30,15.09,AD4a,a,41,10,13.7300316775937,TRUE,13.7300316775937
AD4,287,2023,,,,,287,111.22,0,0.25,9.6,13.02,14.09,30,14.77,AD4a,a,41,10,13.4762660616511,TRUE,13.4762660616511
AD4,288,2023,,,,,288,111.22,0,0.25,7.51,10.55,12.89,30,14.3,AD4a,a,41,10,13.0810996288099,TRUE,13.0810996288099
AD4,289,2023,,,,,289,111.22,0,0.25,7.96,9.73,11.62,30,13.79,AD4a,a,42,10,12.6352298756478,TRUE,12.6352298756478
AD4,290,2023,,,,,290,111.22,0,0.25,8.41,10.19,11.19,30,13.37,AD4a,a,42,10,12.2929493985487,TRUE,12.2929493985487
AD4,291,2023,,,,,291,111.22,0,0.25,8.29,10.35,10.35,30,12.97,AD4a,a,42,10,11.9934714096172,TRUE,11.9934714096172
AD4,292,2023,,,,,292,111.22,0,0.25,7.41,9.85,9.92,30,12.46,AD4a,a,42,10,11.6240203233266,TRUE,11.6240203233266
AD4,293,2023,,,,,293,111.22,0,0.25,4.96,8.19,9.41,30,11.8,AD4a,a,42,10,11.1678359659373,TRUE,11.1678359659373
AD4,294,2023,,,,,294,111.22,0,0.25,8.08,8.52,9.43,30,11.26,AD4a,a,42,10,10.7733485135234,TRUE,10.7733485135234
AD4,306,2023,,,,,306,111.22,0,0.25,10.18,9.46,10.08,30,9.39,AD4a,a,44,11,11.1992652464219,TRUE,11.1992652464219
AD4,307,2023,,,,,307,111.22,0,0.25,9.38,11.78,9.89,30,9.49,AD4a,a,44,11,11.4482075366391,TRUE,11.4482075366391
AD4,308,2023,,,,,308,111.22,0,0.25,8.35,10.86,9.4,30,9.47,AD4a,a,44,11,11.6397833029089,TRUE,11.6397833029089
AD4,309,2023,,,,,309,622.83,0,1.4,8.51,10.43,10.23,30,22.44,AD4a,a,44,11,17.6696898381775,TRUE,17.6696898381775
AD4,310,2023,,,,,310,622.83,0,1.4,8.89,10.7,11.06,30,25.77,AD4a,a,45,11,18.8689989612111,TRUE,18.8689989612111
AD4,311,2023,,,,,311,622.83,0,1.4,8.29,10.59,10.68,30,25.33,AD4a,a,45,11,18.4038803091229,TRUE,18.4038803091229
AD4,312,2023,,,,,312,622.83,0,1.4,8.5,10.4,10.51,30,24.9,AD4a,a,45,11,17.9539122388579,TRUE,17.9539122388579
AD4,313,2023,,,,,313,622.83,0,1.4,8.28,10.39,10.49,30,24.48,AD4a,a,45,11,17.5341797105025,TRUE,17.5341797105025
AD4,314,2023,,,,,314,622.83,0,1.4,6.79,9.54,10.15,30,24.04,AD4a,a,45,11,17.145967689396,TRUE,17.145967689396
AD4,326,2023,,,,,326,622.83,0,1.4,3.41,5.74,7,30,18.97,AD4a,a,47,11,14.3375324594508,TRUE,14.3375324594508
AD4,337,2023,,,,,337,889.76,0,2,-2.2,-1.74,-2.33,30,18.13,AD4a,a,48,12,13.3861701485772,TRUE,13.3861701485772
AD4,338,2023,,,,,338,889.76,0,2,-0.91,0.45,-1.45,30,17.75,AD4a,a,49,12,13.5065708414771,TRUE,13.5065708414771
AD4,339,2023,,,,,339,889.76,0,2,0.3,1.7,-0.43,30,17.39,AD4a,a,49,12,13.6480640217672,TRUE,13.6480640217672
AD4,342,2023,,,,,342,1112.2,0,2.5,0.73,2.59,2.17,30,19.07,AD4a,a,49,12,11.9535534677444,TRUE,11.9535534677444
AD4,343,2023,,,,,343,1112.2,0,2.5,2.42,3.57,2.84,30,18.78,AD4a,a,49,12,12.0235440333375,TRUE,12.0235440333375
AD4,344,2023,,,,,344,1112.2,0,2.5,3.61,5.02,3.5,30,18.52,AD4a,a,49,12,12.0979695525668,TRUE,12.0979695525668
AD4,345,2023,,,,,345,1112.2,0,2.5,3.96,5.79,4.23,30,18.28,AD4a,a,50,12,12.1870416284909,TRUE,12.1870416284909
AD4,346,2023,,,,,346,1112.2,0,2.5,2.11,5.03,4.57,30,18.03,AD4a,a,50,12,12.3367640064668,TRUE,12.3367640064668
AD4,347,2023,,,,,347,1112.2,0,2.5,0.29,3.2,4.48,30,17.77,AD4a,a,50,12,12.5216247680054,TRUE,12.5216247680054
AD4,352,2023,,,,,352,1334.64,0,3,8.06,9.99,7.69,30,18.92,AD4a,a,51,12,10.2356124697922,TRUE,10.2356124697922
AD4,353,2023,,,,,353,1334.64,0,3,6.7,9.38,9.08,30,18.76,AD4a,a,51,12,10.2939161399632,TRUE,10.2939161399632
AD4,354,2023,,,,,354,1334.64,0,3,4.28,7.49,8.9,30,18.58,AD4a,a,51,12,10.4112680633263,TRUE,10.4112680633263
AD4,355,2023,,,,,355,1334.64,0,3,6.09,7.18,8.61,30,18.4,AD4a,a,51,12,10.4948434335738,TRUE,10.4948434335738
AD4,356,2023,,,,,356,1334.64,0,3,2.25,6.17,7.48,30,18.21,AD4a,a,51,12,10.6834249067798,TRUE,10.6834249067798
AD4,357,2023,,,,,357,1334.64,0,3,1.68,3.97,6.2,30,18,AD4a,a,51,12,10.8856784184836,TRUE,10.8856784184836
AD4,358,2023,,,,,358,1334.64,0,3,6.11,5.89,6.08,30,17.81,AD4a,a,51,12,11.0145693716043,TRUE,11.0145693716043
AD4,359,2023,,,,,359,1334.64,0,3,6.1,8.11,6.45,30,17.64,AD4a,a,52,12,11.1836110064479,TRUE,11.1836110064479
AD4,360,2023,,,,,360,1334.64,0,3,5.2,7.65,6.27,30,17.48,AD4a,a,52,12,11.3642276952541,TRUE,11.3642276952541
AD4,361,2023,,,,,361,1334.64,0,3,2.32,5.76,6.28,30,17.29,AD4a,a,52,12,11.6455220158981,TRUE,11.6455220158981
AD4,362,2023,,,,,362,1557.08,0,3.5,7.99,7.15,7.54,30,18.13,AD4a,a,52,12,9.79151143263224,TRUE,9.79151143263224
AD4,363,2023,,,,,363,1557.08,0,3.5,6.96,9.47,7.71,30,18.82,AD4a,a,52,12,8.21910895045128,TRUE,8.21910895045128
AD4,364,2023,,,,,364,1557.08,0,3.5,4.46,7.71,7.38,30,18.66,AD4a,a,52,12,8.3763447118591,TRUE,8.3763447118591
AD4,365,2023,,,,,365,1557.08,0,3.5,5.4,6.93,7.42,30,18.49,AD4a,a,52,12,8.53127244388299,TRUE,8.53127244388299
